Date,Open,High,Low,Close,Adj Close,Volume
2/19/19,42.427502,42.860001,42.372501,42.732498,41.138531,75891200
2/20/19,42.797501,43.330002,42.747501,43.0075,41.403263,104457600
2/21/19,42.950001,43.092499,42.575001,42.764999,41.169823,68998800
2/22/19,42.895,43.25,42.845001,43.2425,41.629509,75652800
2/25/19,43.540001,43.967499,43.487499,43.557499,41.932747,87493600
2/26/19,43.427502,43.825001,43.2925,43.5825,41.956829,68280800
2/27/19,43.302502,43.75,43.182499,43.717499,42.086781,111341600
2/28/19,43.580002,43.727501,43.23,43.287498,41.672821,112861600
3/1/19,43.57,43.787498,43.2225,43.7425,42.110859,103544800
3/4/19,43.922501,44.4375,43.4925,43.962502,42.322643,109744800
3/5/19,43.985001,44,43.634998,43.8825,42.245636,78949600
3/6/19,43.6675,43.872501,43.485001,43.630001,42.002556,83241600
3/7/19,43.467499,43.610001,43.005001,43.125,41.516384,99185600
3/8/19,42.580002,43.267502,42.375,43.227501,41.615063,95997600
3/11/19,43.872501,44.779999,43.837502,44.724998,43.056705,128044000
3/12/19,45,45.6675,44.842499,45.227501,43.540462,129870400
3/13/19,45.5625,45.825001,45.23,45.427502,43.733002,124130000
3/14/19,45.974998,46.025002,45.639999,45.932499,44.219162,94318000
3/15/19,46.212502,46.8325,45.935001,46.529999,44.794373,156171600
3/18/19,46.450001,47.0975,46.447498,47.005001,45.251667,104879200
3/19/19,47.087502,47.247501,46.48,46.6325,44.893051,126585600
3/20/19,46.557499,47.372501,46.182499,47.040001,45.285362,124140800
3/21/19,47.505001,49.0825,47.452499,48.772499,46.953232,204136800
3/22/19,48.834999,49.422501,47.695,47.762501,45.980904,169630800
3/25/19,47.877499,47.994999,46.650002,47.185001,45.424953,175381200
3/26/19,47.915001,48.220001,46.145,46.697498,44.955627,199202000
3/27/19,47.1875,47.439999,46.637501,47.1175,45.35997,119393600
3/28/19,47.237499,47.389999,46.8825,47.18,45.420135,83121600
3/29/19,47.4575,47.52,47.134998,47.487499,45.71616,94256000
4/1/19,47.91,47.919998,47.095001,47.810001,46.026634,111448000
4/2/19,47.772499,48.615002,47.762501,48.505001,46.695705,91062800
4/3/19,48.3125,49.125,48.287498,48.837502,47.015812,93087200
4/4/19,48.697498,49.092499,48.285,48.922501,47.097641,76457200
4/5/19,49.112499,49.275002,48.982498,49.25,47.412914,74106400
4/8/19,49.105,50.057499,49.084999,50.025002,48.159016,103526800
4/9/19,50.080002,50.712502,49.807499,49.875,48.014606,143072800
4/10/19,49.669998,50.185001,49.544998,50.154999,48.284161,86781200
4/11/19,50.212502,50.25,49.610001,49.737499,47.88224,83603200
4/12/19,49.799999,50.035,49.052502,49.717499,47.86298,111042800
4/15/19,49.645,49.962502,49.502499,49.807499,47.949627,70146400
4/16/19,49.865002,50.342499,49.639999,49.8125,47.954441,102785600
4/17/19,49.884998,50.845001,49.6525,50.782501,48.88826,115627200
4/18/19,50.779999,51.037498,50.630001,50.965,49.06395,96783200
4/22/19,50.7075,51.235001,50.584999,51.1325,49.225197,77758000
4/23/19,51.107498,51.9375,50.974998,51.869999,49.935188,93292000
4/24/19,51.84,52.119999,51.762501,51.790001,49.85817,70162400
4/25/19,51.7075,51.939999,51.279999,51.32,49.405701,74172800
4/26/19,51.224998,51.25,50.529999,51.075001,49.169842,74596400
4/29/19,51.099998,51.4925,50.965,51.1525,49.244453,88818800
4/30/19,50.764999,50.849998,49.7775,50.1675,48.2962,186139600
5/1/19,52.470001,53.827499,52.307499,52.630001,50.66684,259309200
5/2/19,52.459999,53.162498,52.032501,52.287498,50.33712,127985200
5/3/19,52.7225,52.959999,52.557499,52.9375,50.962875,83569600
5/6/19,51.072498,52.209999,50.875,52.119999,50.175861,129772400
5/7/19,51.470001,51.855,50.2075,50.715,48.823277,155054800
5/8/19,50.474998,51.334999,50.4375,50.724998,48.832901,105358000
5/9/19,50.099998,50.419998,49.165001,50.18,48.308228,139634400
5/10/19,49.355,49.712502,48.192501,49.294998,47.639,164834800
5/13/19,46.927502,47.369999,45.712502,46.43,44.870235,229722400
5/14/19,46.602501,47.424999,46.352501,47.165001,45.580555,146118800
5/15/19,46.567501,47.9375,46.505001,47.73,46.12656,106178800
5/16/19,47.477501,48.1175,47.209999,47.52,45.923611,132125600
5/17/19,46.732498,47.724998,46.689999,47.25,45.662697,131516400
5/20/19,45.880001,46.087502,45.07,45.772499,44.234833,154449200
5/21/19,46.305,47,46.174999,46.650002,45.082855,113459200
5/22/19,46.165001,46.427502,45.637501,45.695,44.159931,118994400
5/23/19,44.950001,45.134998,44.452499,44.915001,43.406136,146118800
5/24/19,45.049999,45.535,44.654999,44.7425,43.239437,94858800
5/28/19,44.73,45.147499,44.477501,44.557499,43.060642,111792800
5/29/19,44.105,44.837502,44,44.345001,42.855282,113924800
5/30/19,44.487499,44.807499,44.1675,44.575001,43.07756,84873600
5/31/19,44.057499,44.497501,43.747501,43.767502,42.297184,108174400
6/3/19,43.900002,44.48,42.567501,43.325001,41.869556,161584400
6/4/19,43.860001,44.9575,43.630001,44.91,43.40131,123872000
6/5/19,46.07,46.247501,45.285,45.634998,44.101944,119093600
6/6/19,45.77,46.3675,45.537498,46.305,44.749443,90105200
6/7/19,46.627499,47.98,46.442501,47.537498,45.94054,122737600
6/10/19,47.952499,48.842499,47.904999,48.145,46.527618,104883600
6/11/19,48.715,49,48.400002,48.702499,47.066402,107731600
6/12/19,48.487499,48.9925,48.3475,48.547501,46.916603,73012800
6/13/19,48.674999,49.197498,48.400002,48.537498,46.906948,86698400
6/14/19,47.887501,48.397499,47.575001,48.185001,46.56628,75046000
6/17/19,48.224998,48.740002,48.0425,48.4725,46.844128,58676400
6/18/19,49.012501,50.072498,48.802502,49.612499,47.94582,106204000
6/19/19,49.919998,49.970001,49.327499,49.467499,47.805695,84496800
6/20/19,50.092499,50.1525,49.5075,49.865002,48.18985,86056000
6/21/19,49.700001,50.212502,49.537498,49.695,48.025555,191202400
6/24/19,49.634998,50.040001,49.5425,49.645,47.977238,72881600
6/25/19,49.607498,49.814999,48.822498,48.892502,47.250011,84281200
6/26/19,49.442501,50.247501,49.337502,49.950001,48.271992,104270000
6/27/19,50.072498,50.392502,49.892502,49.935001,48.257496,83598800
6/28/19,49.669998,49.875,49.262501,49.48,47.81778,124442400
7/1/19,50.7925,51.122501,50.162498,50.387501,48.694801,109012000
7/2/19,50.352501,50.782501,50.34,50.682499,48.97987,67740800
7/3/19,50.82,51.110001,50.672501,51.102501,49.38578,45448000
7/5/19,50.837502,51.27,50.724998,51.057499,49.342285,69062000
7/8/19,50.202499,50.349998,49.602501,50.005001,48.32515,101354400
7/9/19,49.799999,50.377499,49.702499,50.310001,48.619892,82312000
7/10/19,50.462502,50.932499,50.389999,50.807499,49.100677,71588400
7/11/19,50.827499,51.0975,50.427502,50.4375,48.743111,80767200
7/12/19,50.612499,51,50.549999,50.825001,49.117596,70380800
7/15/19,51.022499,51.467499,51,51.302502,49.57906,67789600
7/16/19,51.147499,51.5275,50.875,51.125,49.40752,67467200
7/17/19,51.012501,51.272499,50.817501,50.837502,49.129677,56430000
7/18/19,51,51.470001,50.924999,51.415001,49.687786,74162400
7/19/19,51.447498,51.625,50.59,50.647499,48.946064,83717200
7/22/19,50.912498,51.807499,50.9025,51.805,50.064674,89111600
7/23/19,52.115002,52.227501,51.822498,52.209999,50.456066,73420800
7/24/19,51.9175,52.287498,51.7925,52.1675,50.414997,59966400
7/25/19,52.2225,52.310001,51.682499,51.755001,50.016354,55638400
7/26/19,51.869999,52.432499,51.785,51.935001,50.190304,70475600
7/29/19,52.115002,52.66,52.110001,52.419998,50.659008,86693600
7/30/19,52.189999,52.540001,51.827499,52.195,50.441574,135742800
7/31/19,54.105,55.342499,52.825001,53.259998,51.470795,277125600
8/1/19,53.474998,54.5075,51.685001,52.107498,50.35701,216071600
8/2/19,51.3825,51.607498,50.407501,51.005001,49.291546,163448400
8/5/19,49.497501,49.662498,48.145,48.334999,46.711243,209572000
8/6/19,49.077499,49.517502,48.509998,49.25,47.595501,143299200
8/7/19,48.852501,49.889999,48.455002,49.759998,48.088375,133457600
8/8/19,50.049999,50.8825,49.8475,50.857498,49.149002,108038000
8/9/19,50.325001,50.689999,49.822498,50.247501,48.743996,98478800
8/12/19,49.904999,50.512501,49.787498,50.119999,48.620304,89927600
8/13/19,50.255001,53.035,50.119999,52.2425,50.679306,188874000
8/14/19,50.790001,51.610001,50.647499,50.6875,49.170834,146189600
8/15/19,50.865002,51.285,49.9175,50.435001,48.925892,108909600
8/16/19,51.07,51.790001,50.959999,51.625,50.080276,110481600
8/19/19,52.654999,53.182499,52.5075,52.587502,51.013973,97654400
8/20/19,52.720001,53.337502,52.580002,52.59,51.016399,107537200
8/21/19,53.247501,53.412498,52.900002,53.16,51.569347,86141600
8/22/19,53.297501,53.610001,52.6875,53.115002,51.5257,89014800
8/23/19,52.357498,53.012501,50.25,50.66,49.144154,187272000
8/26/19,51.465,51.797501,51.264999,51.622501,50.07785,104174400
8/27/19,51.965,52.137501,50.8825,51.040001,49.512787,103493200
8/28/19,51.025002,51.43,50.830002,51.3825,49.845032,63755200
8/29/19,52.125,52.330002,51.665001,52.252499,50.688992,83962000
8/30/19,52.540001,52.612499,51.799999,52.185001,50.623528,84573600
9/3/19,51.607498,51.744999,51.055,51.424999,49.886272,80092000
9/4/19,52.0975,52.369999,51.830002,52.297501,50.732651,76752400
9/5/19,53,53.4925,52.877499,53.32,51.72456,95654800
9/6/19,53.512501,53.605,53.127499,53.314999,51.719704,77449200
9/9/19,53.709999,54.110001,52.767502,53.5425,51.940403,109237600
9/10/19,53.465,54.195,52.927502,54.174999,52.553974,127111600
9/11/19,54.517502,55.927502,54.432499,55.897499,54.224934,177158400
9/12/19,56.200001,56.605,55.715,55.772499,54.10368,128906800
9/13/19,55,55.197498,54.255001,54.6875,53.051147,159053200
9/16/19,54.432499,55.032501,54.389999,54.974998,53.330044,84632400
9/17/19,54.990002,55.205002,54.779999,55.174999,53.524055,73274800
9/18/19,55.264999,55.712502,54.860001,55.692501,54.02607,101360000
9/19/19,55.502499,55.939999,55.092499,55.240002,53.587109,88242400
9/20/19,55.345001,55.639999,54.3675,54.432499,52.803768,221652400
9/23/19,54.737499,54.959999,54.412498,54.68,53.043858,76662000
9/24/19,55.2575,55.622501,54.297501,54.419998,52.791645,124763200
9/25/19,54.637501,55.375,54.285,55.2575,53.604088,87613600
9/26/19,55,55.235001,54.7075,54.9725,53.327614,75334000
9/27/19,55.134998,55.240002,54.32,54.705002,53.068115,101408000
9/30/19,55.224998,56.145,55.197498,55.9925,54.317097,103909600
10/1/19,56.267502,57.055,56.049999,56.147499,54.467461,139223200
10/2/19,55.764999,55.895,54.482498,54.740002,53.102077,138449200
10/3/19,54.607498,55.240002,53.782501,55.205002,53.553162,114426000
10/4/19,56.41,56.872501,55.9725,56.752499,55.054352,138478800
10/7/19,56.567501,57.482498,56.459999,56.764999,55.066479,122306000
10/8/19,56.455002,57.014999,56.0825,56.099998,54.421383,111820000
10/9/19,56.7575,56.947498,56.41,56.7575,55.059208,74770400
10/10/19,56.982498,57.610001,56.825001,57.522499,55.801319,113013600
10/11/19,58.237499,59.41,58.077499,59.052502,57.285538,166795600
10/14/19,58.724998,59.532501,58.6675,58.967499,57.203075,96427600
10/15/19,59.0975,59.412498,58.720001,58.830002,57.069687,87360000
10/16/19,58.342499,58.810001,58.299999,58.592499,56.839294,73903200
10/17/19,58.772499,59.037498,58.380001,58.82,57.059986,67585200
10/18/19,58.647499,59.395,58.572498,59.102501,57.334038,97433600
10/21/19,59.380001,60.247501,59.330002,60.127499,58.328369,87247200
10/22/19,60.290001,60.549999,59.904999,59.990002,58.194981,82293600
10/23/19,60.525002,60.810001,60.305,60.794998,58.975895,75828800
10/24/19,61.127499,61.200001,60.452499,60.895,59.072906,69275200
10/25/19,60.790001,61.682499,60.720001,61.645,59.800449,73477200
10/28/19,61.855,62.3125,61.68,62.262501,60.399479,96572800
10/29/19,62.2425,62.4375,60.642502,60.822498,59.002575,142839600
10/30/19,61.189999,61.325001,60.302502,60.814999,58.995296,124522000
10/31/19,61.810001,62.2925,59.314999,62.189999,60.329151,139162000
11/1/19,62.384998,63.982498,62.290001,63.955002,62.041344,151125200
11/4/19,64.332497,64.462502,63.845001,64.375,62.448769,103272000
11/5/19,64.262497,64.547501,64.080002,64.282501,62.359051,79897600
11/6/19,64.192497,64.372498,63.842499,64.309998,62.385723,75864400
11/7/19,64.684998,65.087502,64.527496,64.857498,63.105724,94940400
11/8/19,64.672501,65.110001,64.212502,65.035004,63.278431,69986400
11/11/19,64.574997,65.6175,64.57,65.550003,63.779526,81821200
11/12/19,65.387497,65.697502,65.230003,65.489998,63.721153,87388800
11/13/19,65.282501,66.195,65.267502,66.1175,64.331711,102734400
11/14/19,65.9375,66.220001,65.525002,65.660004,63.886562,89182800
11/15/19,65.919998,66.445,65.752502,66.440002,64.645493,100206400
11/18/19,66.449997,66.857498,66.057503,66.775002,64.971458,86703200
11/19/19,66.974998,67,66.347504,66.572502,64.774406,76167200
11/20/19,66.385002,66.519997,65.099998,65.797501,64.020355,106234400
11/21/19,65.922501,66.002502,65.294998,65.502502,63.733307,121395200
11/22/19,65.647499,65.794998,65.209999,65.445,63.677361,65325200
11/25/19,65.677498,66.610001,65.629997,66.592499,64.793877,84020400
11/26/19,66.735001,66.790001,65.625,66.072502,64.28791,105207600
11/27/19,66.394997,66.995003,66.327499,66.959999,65.151451,65235600
11/29/19,66.650002,67,66.474998,66.8125,65.00795,46617600
12/2/19,66.817497,67.0625,65.862503,66.040001,64.256294,94487200
12/3/19,64.577499,64.8825,64.072502,64.862503,63.110592,114430400
12/4/19,65.267502,65.827499,65.169998,65.434998,63.667625,67181600
12/5/19,65.947502,66.472504,65.682503,66.394997,64.601715,74424400
12/6/19,66.870003,67.75,66.824997,67.677498,65.849564,106075600
12/9/19,67.5,67.699997,66.227501,66.730003,64.927643,128042400
12/10/19,67.150002,67.517502,66.464996,67.120003,65.307114,90420400
12/11/19,67.202499,67.775002,67.125,67.692497,65.864159,78756800
12/12/19,66.945,68.139999,66.830002,67.864998,66.031998,137310400
12/13/19,67.864998,68.824997,67.732498,68.787498,66.929581,133587600
12/16/19,69.25,70.197502,69.245003,69.964996,68.075256,128186000
12/17/19,69.892502,70.442497,69.699997,70.102501,68.209068,114158400
12/18/19,69.949997,70.474998,69.779999,69.934998,68.046089,116028400
12/19/19,69.875,70.294998,69.737503,70.004997,68.114189,98369200
12/20/19,70.557503,70.662498,69.639999,69.860001,67.973106,275978000
12/23/19,70.1325,71.0625,70.092499,71,69.082329,98572000
12/24/19,71.172501,71.222504,70.730003,71.067497,69.148003,48478800
12/26/19,71.205002,72.495003,71.175003,72.477501,70.51992,93121200
12/27/19,72.779999,73.4925,72.029999,72.449997,70.493134,146266000
12/30/19,72.364998,73.172501,71.305,72.879997,70.911552,144114400
12/31/19,72.482498,73.419998,72.379997,73.412498,71.429672,100805600
1/2/20,74.059998,75.150002,73.797501,75.087502,73.059418,135480400
1/3/20,74.287498,75.144997,74.125,74.357498,72.349136,146322800
1/6/20,73.447502,74.989998,73.1875,74.949997,72.925613,118387200
1/7/20,74.959999,75.224998,74.370003,74.597504,72.582672,108872000
1/8/20,74.290001,76.110001,74.290001,75.797501,73.750244,132079200
1/9/20,76.809998,77.607498,76.550003,77.407501,75.316765,170108400
1/10/20,77.650002,78.167503,77.0625,77.582497,75.48703,140644800
1/13/20,77.910004,79.267502,77.787498,79.239998,77.099747,121532000
1/14/20,79.175003,79.392502,78.042503,78.169998,76.058655,161954400
1/15/20,77.962502,78.875,77.387497,77.834999,75.732712,121923600
1/16/20,78.397499,78.925003,78.022499,78.809998,76.681366,108829200
1/17/20,79.067497,79.684998,78.75,79.682503,77.530304,137816400
1/21/20,79.297501,79.754997,79,79.142502,77.004906,110843200
1/22/20,79.644997,79.997498,79.327499,79.425003,77.279778,101832400
1/23/20,79.480003,79.889999,78.912498,79.807503,77.651947,104472000
1/24/20,80.0625,80.832497,79.379997,79.577499,77.428139,146537600
1/27/20,77.514999,77.942497,76.220001,77.237503,75.15136,161940000
1/28/20,78.150002,79.599998,78.047501,79.422501,77.277336,162234000
1/29/20,81.112503,81.962502,80.345001,81.084999,78.894928,216229200
1/30/20,80.135002,81.022499,79.6875,80.967499,78.780609,126743200
1/31/20,80.232498,80.669998,77.072502,77.377502,75.287575,199588400
2/3/20,76.074997,78.372498,75.555,77.165001,75.080826,173788400
2/4/20,78.827499,79.910004,78.407501,79.712502,77.559509,136616400
2/5/20,80.879997,81.190002,79.737503,80.362503,78.191963,118826800
2/6/20,80.642502,81.305,80.065002,81.302498,79.10656,105425600
2/7/20,80.592499,80.849998,79.5,80.0075,78.031273,117684000
2/10/20,78.544998,80.387497,78.462502,80.387497,78.401909,109348800
2/11/20,80.900002,80.974998,79.677498,79.902496,77.928886,94323200
2/12/20,80.3675,81.805,80.3675,81.800003,79.779518,113730400
2/13/20,81.047501,81.555,80.837502,81.217499,79.211403,94747600
2/14/20,81.184998,81.495003,80.712502,81.237503,79.230904,80113600
2/18/20,78.839996,79.9375,78.652496,79.75,77.780144,152531200
2/19/20,80,81.142502,80,80.904999,78.906624,93984000
2/20/20,80.657501,81.162498,79.552498,80.074997,78.097099,100566000
2/21/20,79.654999,80.112503,77.625,78.262497,76.329391,129554000
2/24/20,74.315002,76.044998,72.307503,74.544998,72.703712,222195200
2/25/20,75.237503,75.6325,71.532501,72.019997,70.241081,230673600
2/26/20,71.6325,74.470001,71.625,73.162498,71.355362,198054800
2/27/20,70.275002,71.5,68.239998,68.379997,66.690971,320605600
2/28/20,64.315002,69.602501,64.092499,68.339996,66.651962,426510000
3/2/20,70.57,75.360001,69.43,74.702499,72.857323,341397200
3/3/20,75.917503,76,71.449997,72.330002,70.543419,319475600
3/4/20,74.110001,75.849998,73.282501,75.684998,73.815552,219178400
3/5/20,73.879997,74.887497,72.852501,73.230003,71.421196,187572800
3/6/20,70.5,72.705002,70.307503,72.2575,70.472733,226176800
3/9/20,65.9375,69.522499,65.75,66.542503,64.89888,286744800
3/10/20,69.285004,71.610001,67.342499,71.334999,69.572998,285290000
3/11/20,69.347504,70.305,67.964996,68.857498,67.1567,255598800
3/12/20,63.985001,67.5,62,62.057499,60.524654,418474000
3/13/20,66.222504,69.980003,63.237499,69.4925,67.776001,370732000
3/16/20,60.487499,64.769997,60,60.552502,59.056831,322423600
3/17/20,61.877499,64.402496,59.599998,63.215,61.653561,324056000
3/18/20,59.942501,62.5,59.279999,61.6675,60.144287,300233600
3/19/20,61.8475,63.209999,60.6525,61.195,59.683464,271857200
3/20/20,61.794998,62.9575,57,57.310001,55.894421,401693200
3/23/20,57.02,57.125,53.1525,56.092499,54.706993,336752800
3/24/20,59.09,61.922501,58.575001,61.720001,60.195492,287531200
3/25/20,62.6875,64.5625,61.075001,61.380001,59.863895,303602000
3/26/20,61.630001,64.669998,61.59,64.610001,63.014111,252087200
3/27/20,63.1875,63.967499,61.762501,61.935001,60.405186,204216800
3/30/20,62.685001,63.880001,62.349998,63.702499,62.129028,167976400
3/31/20,63.900002,65.622498,63,63.572498,62.002239,197002000
4/1/20,61.625,62.18,59.782501,60.227501,58.739861,176218400
4/2/20,60.084999,61.287498,59.224998,61.232498,59.720039,165934000
4/3/20,60.700001,61.424999,59.7425,60.352501,58.861774,129880000
4/6/20,62.724998,65.777496,62.345001,65.6175,63.996731,201820400
4/7/20,67.699997,67.925003,64.75,64.857498,63.255493,202887200
4/8/20,65.684998,66.842499,65.307503,66.517502,64.874489,168895200
4/9/20,67.175003,67.517502,66.175003,66.997498,65.342644,161834800
4/13/20,67.077499,68.425003,66.457497,68.3125,66.62516,131022800
4/14/20,70,72.0625,69.512497,71.762497,69.989944,194994800
4/15/20,70.599998,71.582497,70.157501,71.107498,69.351128,131154400
4/16/20,71.845001,72.050003,70.587502,71.672501,69.902161,157125200
4/17/20,71.172501,71.737503,69.214996,70.699997,68.953674,215250000
4/20/20,69.487503,70.419998,69.212502,69.232498,67.522423,130015200
4/21/20,69.07,69.3125,66.357498,67.092499,65.435295,180991600
4/22/20,68.402496,69.474998,68.050003,69.025002,67.320061,116862400
4/23/20,68.967499,70.4375,68.717499,68.7575,67.059174,124814400
4/24/20,69.300003,70.752502,69.25,70.7425,68.99514,126161200
4/27/20,70.449997,71.135002,69.987503,70.792503,69.043922,117087600
4/28/20,71.269997,71.457497,69.550003,69.644997,67.924751,112004800
4/29/20,71.182503,72.417503,70.972504,71.932503,70.155739,137280800
4/30/20,72.489998,73.6325,72.087502,73.449997,71.635742,183064000
5/1/20,71.5625,74.75,71.462502,72.267502,70.482475,240616800
5/4/20,72.292503,73.422501,71.580002,73.290001,71.479706,133568000
5/5/20,73.764999,75.25,73.614998,74.389999,72.552551,147751200
5/6/20,75.114998,75.809998,74.717499,75.157501,73.301071,142333600
5/7/20,75.805,76.292503,75.4925,75.934998,74.05938,115215200
5/8/20,76.410004,77.587502,76.072502,77.532501,75.822121,133838400
5/11/20,77.025002,79.262497,76.809998,78.752502,77.015198,145946400
5/12/20,79.457497,79.922501,77.727501,77.852501,76.135063,162301200
5/13/20,78.037498,78.987503,75.802498,76.912498,75.215805,200622400
5/14/20,76.127502,77.447502,75.3825,77.385002,75.677872,158929200
5/15/20,75.087502,76.974998,75.052498,76.927498,75.230453,166348400
5/18/20,78.292503,79.125,77.580002,78.739998,77.002983,135178400
5/19/20,78.7575,79.629997,78.252502,78.285004,76.558022,101729600
5/20/20,79.169998,79.879997,79.129997,79.807503,78.046936,111504800
5/21/20,79.665001,80.222504,78.967499,79.212502,77.465057,102688800
5/22/20,78.942497,79.807503,78.837502,79.722504,77.963821,81803200
5/26/20,80.875,81.059998,79.125,79.182503,77.435707,125522000
5/27/20,79.035004,79.677498,78.272499,79.527496,77.773109,112945200
5/28/20,79.192497,80.860001,78.907501,79.5625,77.80732,133560800
5/29/20,79.8125,80.287498,79.1175,79.485001,77.731544,153532400
6/1/20,79.4375,80.587502,79.302498,80.462502,78.6875,80791200
6/2/20,80.1875,80.860001,79.732498,80.834999,79.051758,87642800
6/3/20,81.165001,81.550003,80.574997,81.279999,79.486946,104491200
6/4/20,81.097504,81.404999,80.195,80.580002,78.802383,87560400
6/5/20,80.837502,82.9375,80.807503,82.875,81.046753,137250400
6/8/20,82.5625,83.400002,81.830002,83.364998,81.525955,95654400
6/9/20,83.035004,86.402496,83.002502,85.997498,84.100388,147712400
6/10/20,86.974998,88.692497,86.522499,88.209999,86.264053,166651600
6/11/20,87.327499,87.764999,83.870003,83.974998,82.122482,201662400
6/12/20,86.18,86.949997,83.555,84.699997,82.83149,200146000
6/15/20,83.3125,86.419998,83.144997,85.747498,83.855888,138808800
6/16/20,87.864998,88.300003,86.18,88.019997,86.078255,165428800
6/17/20,88.787498,88.849998,87.772499,87.897499,85.958473,114406400
6/18/20,87.852501,88.362503,87.305,87.932503,85.992691,96820400
6/19/20,88.660004,89.139999,86.287498,87.43,85.501274,264476000
6/22/20,87.834999,89.864998,87.787498,89.717499,87.738304,135445200
6/23/20,91,93.095001,90.567497,91.6325,89.611053,212155600
6/24/20,91.25,92.197502,89.629997,90.014999,88.029251,192623200
6/25/20,90.175003,91.25,89.392502,91.209999,89.197876,137522400
6/26/20,91.102501,91.330002,88.254997,88.407501,86.457207,205256800
6/29/20,88.3125,90.542503,87.82,90.445,88.44976,130646000
6/30/20,90.019997,91.495003,90,91.199997,89.18811,140223200
7/1/20,91.279999,91.839996,90.977501,91.027496,89.019409,110737200
7/2/20,91.962502,92.6175,90.910004,91.027496,89.019409,114041600
7/6/20,92.5,93.945,92.467499,93.462502,91.400711,118655600
7/7/20,93.852501,94.654999,93.057503,93.172501,91.117104,112424400
7/8/20,94.18,95.375,94.089996,95.342499,93.239227,117092000
7/9/20,96.262497,96.317497,94.672501,95.752502,93.640175,125642800
7/10/20,95.334999,95.980003,94.705002,95.919998,93.803986,90257200
7/13/20,97.264999,99.955002,95.2575,95.477501,93.371262,191649200
7/14/20,94.839996,97.254997,93.877502,97.057503,94.916374,170989200
7/15/20,98.989998,99.247498,96.489998,97.724998,95.569168,153198000
7/16/20,96.5625,97.404999,95.904999,96.522499,94.393181,110577600
7/17/20,96.987503,97.147499,95.839996,96.327499,94.202492,92186800
7/20/20,96.417503,98.5,96.0625,98.357498,96.187721,90318000
7/21/20,99.172501,99.25,96.7425,97,94.860161,103433200
7/22/20,96.692497,97.974998,96.602501,97.272499,95.126663,89001600
7/23/20,96.997498,97.077499,92.010002,92.845001,90.796829,197004400
7/24/20,90.987503,92.970001,89.144997,92.614998,90.571892,185438800
7/27/20,93.709999,94.904999,93.480003,94.809998,92.71846,121214000
7/28/20,94.3675,94.550003,93.247498,93.252502,91.195343,103625600
7/29/20,93.75,95.230003,93.712502,95.040001,92.943398,90329200
7/30/20,94.1875,96.297501,93.767502,96.190002,94.068016,158130000
7/31/20,102.885002,106.415001,100.824997,106.260002,103.915886,374336800
8/3/20,108.199997,111.637497,107.892502,108.9375,106.534317,308151200
8/4/20,109.1325,110.790001,108.387497,109.665001,107.245773,173071600
8/5/20,109.377502,110.392502,108.897499,110.0625,107.634499,121776800
8/6/20,110.404999,114.412498,109.797501,113.902496,111.389793,202428800
8/7/20,113.205002,113.675003,110.292503,111.112503,108.857246,198045600
8/10/20,112.599998,113.775002,110,112.727501,110.439484,212403600
8/11/20,111.970001,112.482498,109.107498,109.375,107.155014,187902400
8/12/20,110.497498,113.275002,110.297501,113.010002,110.71624,165598000
8/13/20,114.43,116.042503,113.927498,115.010002,112.675644,210082000
8/14/20,114.830002,115,113.044998,114.907501,112.575233,165565200
8/17/20,116.0625,116.087502,113.962502,114.607498,112.281311,119561600
8/18/20,114.352501,116,114.0075,115.5625,113.216934,105633600
8/19/20,115.982498,117.162498,115.610001,115.707497,113.358986,145538000
8/20/20,115.75,118.392502,115.732498,118.275002,115.874367,126907200
8/21/20,119.262497,124.8675,119.25,124.370003,121.845665,338054800
8/24/20,128.697495,128.785004,123.9375,125.857498,123.302979,345937600
8/25/20,124.697502,125.18,123.052498,124.824997,122.29142,211495600
8/26/20,126.18,126.9925,125.082497,126.522499,123.954468,163022400
8/27/20,127.142502,127.485001,123.832497,125.010002,122.472672,155552400
8/28/20,126.012497,126.442497,124.577499,124.807503,122.2743,187630000
8/31/20,127.580002,131,126,129.039993,126.42086,225702700
9/1/20,132.759995,134.800003,130.529999,134.179993,131.456528,151948100
9/2/20,137.589996,137.979996,127,131.399994,128.732971,200119000
9/3/20,126.910004,128.839996,120.5,120.879997,118.426483,257599600
9/4/20,120.07,123.699997,110.889999,120.959999,118.504875,332607200
9/8/20,113.949997,118.989998,112.68,112.82,110.530098,231366600
9/9/20,117.260002,119.139999,115.260002,117.32,114.938744,176940500
9/10/20,120.360001,120.5,112.5,113.489998,111.186493,182274400
9/11/20,114.57,115.230003,110,112,109.726738,180860300
9/14/20,114.720001,115.93,112.800003,115.360001,113.018532,140150100
9/15/20,118.330002,118.830002,113.610001,115.540001,113.194893,184642000
9/16/20,115.230003,116,112.040001,112.129997,109.854095,154679000
9/17/20,109.720001,112.199997,108.709999,110.339996,108.100433,178011000
9/18/20,110.400002,110.879997,106.089996,106.839996,104.671471,287104900
9/21/20,104.540001,110.190002,103.099998,110.080002,107.845711,195713800
9/22/20,112.68,112.860001,109.160004,111.809998,109.540581,183055400
9/23/20,111.620003,112.110001,106.769997,107.120003,104.945793,150718700
9/24/20,105.169998,110.25,105,108.220001,106.02346,167743300
9/25/20,108.43,112.440002,107.669998,112.279999,110.001053,149981400
9/28/20,115.010002,115.32,112.779999,114.959999,112.626648,137672400
9/29/20,114.550003,115.309998,113.57,114.089996,111.774315,99382200
9/30/20,113.790001,117.260002,113.620003,115.809998,113.459404,142675200
10/1/20,117.639999,117.720001,115.830002,116.790001,114.419518,116120400
10/2/20,112.889999,115.370003,112.220001,113.019997,110.726028,144712000
10/5/20,113.910004,116.650002,113.550003,116.5,114.135406,106243800
10/6/20,115.699997,116.120003,112.25,113.160004,110.86319,161498200
10/7/20,114.620003,115.550003,114.129997,115.080002,112.744232,96849000
10/8/20,116.25,116.400002,114.589996,114.970001,112.636459,83477200
10/9/20,115.279999,117,114.919998,116.970001,114.595879,100506900
10/12/20,120.059998,125.18,119.279999,124.400002,121.875061,240226800
10/13/20,125.269997,125.389999,119.650002,121.099998,118.642044,262330500
10/14/20,121,123.029999,119.620003,121.190002,118.730217,150712000
10/15/20,118.720001,121.199997,118.150002,120.709999,118.259956,112559200
10/16/20,121.279999,121.550003,118.809998,119.019997,116.604233,115393800
10/19/20,119.959999,120.419998,115.660004,115.980003,113.625969,120639300
10/20/20,116.199997,118.980003,115.629997,117.510002,115.124908,124423700
10/21/20,116.669998,118.709999,116.449997,116.870003,114.497894,89946000
10/22/20,117.449997,118.040001,114.589996,115.75,113.400612,101988000
10/23/20,116.389999,116.550003,114.279999,115.040001,112.70504,82572600
10/26/20,114.010002,116.550003,112.879997,115.050003,112.714821,111850700
10/27/20,115.489998,117.279999,114.540001,116.599998,114.233376,92276800
10/28/20,115.050003,115.43,111.099998,111.199997,108.942963,143937800
10/29/20,112.370003,116.93,112.199997,115.32,112.979347,146129200
10/30/20,111.059998,111.989998,107.720001,108.860001,106.650482,190272600
11/2/20,109.110001,110.68,107.32,108.769997,106.562294,122866900
11/3/20,109.660004,111.489998,108.730003,110.440002,108.198402,107624400
11/4/20,114.139999,115.589996,112.349998,114.949997,112.616867,138235500
11/5/20,117.949997,119.620003,116.870003,119.029999,116.614052,126387100
11/6/20,118.32,119.199997,116.129997,118.690002,116.48156,114457900
11/9/20,120.5,121.989998,116.050003,116.32,114.155663,154515300
11/10/20,115.550003,117.589996,114.129997,115.970001,113.81218,138023400
11/11/20,117.190002,119.629997,116.440002,119.489998,117.26667,112295000
11/12/20,119.620003,120.529999,118.57,119.209999,116.991882,103162300
11/13/20,119.440002,119.669998,117.870003,119.260002,117.040962,81581900
11/16/20,118.919998,120.989998,118.150002,120.300003,118.061615,91183000
11/17/20,119.550003,120.669998,118.959999,119.389999,117.168541,74271000
11/18/20,118.610001,119.82,118,118.029999,115.833839,76322100
11/19/20,117.589996,119.059998,116.809998,118.639999,116.432503,74113000
11/20/20,118.639999,118.769997,117.290001,117.339996,115.15667,73604300
11/23/20,117.18,117.620003,113.75,113.849998,111.731621,127959300
11/24/20,113.910004,115.849998,112.589996,115.169998,113.027054,113874200
11/25/20,115.550003,116.75,115.169998,116.029999,113.871063,76499200
11/27/20,116.57,117.489998,116.220001,116.589996,114.420624,46691300
11/30/20,116.970001,120.970001,116.809998,119.050003,116.834869,169410200
12/1/20,121.010002,123.470001,120.010002,122.720001,120.436569,127728200
12/2/20,122.019997,123.370003,120.889999,123.080002,120.789886,89004200
12/3/20,123.519997,123.779999,122.209999,122.940002,120.652496,78967600
12/4/20,122.599998,122.860001,121.519997,122.25,119.975319,78260400
12/7/20,122.309998,124.57,122.25,123.75,121.447395,86712000
12/8/20,124.370003,124.980003,123.089996,124.379997,122.065689,82225500
12/9/20,124.529999,125.949997,121,121.779999,119.514061,115089200
12/10/20,120.5,123.870003,120.150002,123.239998,120.946899,81312200
12/11/20,122.43,122.760002,120.550003,122.410004,120.132347,86939800
12/14/20,122.599998,123.349998,121.540001,121.779999,119.514061,79184500
12/15/20,124.339996,127.900002,124.129997,127.879997,125.500557,157243700
12/16/20,127.410004,128.369995,126.559998,127.809998,125.431854,98208600
12/17/20,128.899994,129.580002,128.039993,128.699997,126.305305,94359800
12/18/20,128.960007,129.100006,126.120003,126.660004,124.303276,192541500
12/21/20,125.019997,128.309998,123.449997,128.229996,125.844063,121251600
12/22/20,131.610001,134.410004,129.649994,131.880005,129.426163,168904800
12/23/20,132.160004,132.429993,130.779999,130.960007,128.523254,88223700
12/24/20,131.320007,133.460007,131.100006,131.970001,129.514481,54930100
12/28/20,133.990005,137.339996,133.509995,136.690002,134.146622,124486200
12/29/20,138.050003,138.789993,134.339996,134.869995,132.360489,121047300
12/30/20,135.580002,135.990005,133.399994,133.720001,131.231918,96452100
12/31/20,134.080002,134.740005,131.720001,132.690002,130.221069,99116600
1/4/21,133.520004,133.610001,126.760002,129.410004,127.002098,143301900
1/5/21,128.889999,131.740005,128.429993,131.009995,128.572327,97664900
1/6/21,127.720001,131.050003,126.379997,126.599998,124.244377,155088000
1/7/21,128.360001,131.630005,127.860001,130.919998,128.483994,109578200
1/8/21,132.429993,132.630005,130.229996,132.050003,129.592957,105158200
1/11/21,129.190002,130.169998,128.5,128.979996,126.580093,100384500
1/12/21,128.5,129.690002,126.860001,128.800003,126.403442,91951100
1/13/21,128.759995,131.449997,128.490005,130.889999,128.454559,88636800
1/14/21,130.800003,131,128.759995,128.910004,126.511421,90221800
1/15/21,128.779999,130.220001,127,127.139999,124.774345,111598500
1/19/21,127.779999,128.710007,126.940002,127.830002,125.451508,90757300
1/20/21,128.660004,132.490005,128.550003,132.029999,129.573349,104319500
1/21/21,133.800003,139.669998,133.589996,136.869995,134.323288,120150900
1/22/21,136.279999,139.850006,135.020004,139.070007,136.482376,114459400
1/25/21,143.070007,145.089996,136.539993,142.919998,140.260712,157611700
1/26/21,143.600006,144.300003,141.369995,143.160004,140.496262,98390600
1/27/21,143.429993,144.300003,140.410004,142.059998,139.416733,140843800
1/28/21,139.520004,141.990005,136.699997,137.089996,134.539185,142621100
1/29/21,135.830002,136.740005,130.210007,131.960007,129.504654,177523800
2/1/21,133.75,135.380005,130.929993,134.139999,131.644119,106239800
2/2/21,135.729996,136.309998,134.610001,134.990005,132.478271,83305400
2/3/21,135.759995,135.770004,133.610001,133.940002,131.4478,89880900
2/4/21,136.300003,137.399994,134.589996,137.389999,134.833603,84183100
2/5/21,137.350006,137.419998,135.860001,136.759995,134.415924,75693800
2/8/21,136.029999,136.960007,134.919998,136.910004,134.563293,71297200
2/9/21,136.619995,137.880005,135.850006,136.009995,133.678757,76774200
2/10/21,136.479996,136.990005,134.399994,135.389999,133.069397,73046600
2/11/21,135.899994,136.389999,133.770004,135.130005,132.813843,64280000
2/12/21,134.350006,135.529999,133.690002,135.369995,133.049713,60145100
2/16/21,135.490005,136.009995,132.789993,133.190002,130.907089,80576300
2/17/21,131.25,132.220001,129.470001,130.839996,128.597366,97918500
2/18/21,129.199997,130,127.410004,129.710007,127.486748,96856700
2/19/21,130.240005,130.710007,128.800003,129.869995,127.643982,87668800
2/22/21,128.009995,129.720001,125.599998,126,123.84034,103916400
2/23/21,123.760002,126.709999,118.389999,125.860001,123.702728,158273000
2/24/21,124.940002,125.559998,122.230003,125.349998,123.201469,111039900
2/25/21,124.68,126.459999,120.540001,120.989998,118.916206,148199500
2/26/21,122.589996,124.849998,121.199997,121.260002,119.181572,164560400
3/1/21,123.75,127.93,122.790001,127.790001,125.599632,116307900
3/2/21,128.410004,128.720001,125.010002,125.120003,122.975403,102260900
3/3/21,124.809998,125.709999,121.839996,122.059998,119.96785,112966300
3/4/21,121.75,123.599998,118.620003,120.129997,118.07093,178155000
3/5/21,120.980003,121.940002,117.57,121.419998,119.338821,153766600
3/8/21,120.93,121,116.209999,116.360001,114.36557,154376600
3/9/21,119.029999,122.059998,118.790001,121.089996,119.014503,129525800
3/10/21,121.690002,122.169998,119.449997,119.980003,117.923515,111943300
3/11/21,122.540001,123.209999,121.260002,121.959999,119.869576,103026500
3/12/21,120.400002,121.169998,119.160004,121.029999,118.955521,88105100
3/15/21,121.410004,124,120.419998,123.989998,121.864777,92403800
3/16/21,125.699997,127.220001,124.720001,125.57,123.417694,115227900
3/17/21,124.050003,125.860001,122.339996,124.760002,122.621582,111932600
3/18/21,122.879997,123.18,120.32,120.529999,118.464081,121229700
3/19/21,119.900002,121.43,119.68,119.989998,117.93335,185549500
3/22/21,120.330002,123.870003,120.260002,123.389999,121.275055,111912300
3/23/21,123.330002,124.239998,122.139999,122.540001,120.439651,95467100
3/24/21,122.82,122.900002,120.07,120.089996,118.031631,88530500
3/25/21,119.540001,121.660004,119,120.589996,118.523056,98844700
3/26/21,120.349998,121.480003,118.919998,121.209999,119.132431,94071200
3/29/21,121.650002,122.580002,120.730003,121.389999,119.309349,80819200
3/30/21,120.110001,120.400002,118.860001,119.900002,117.844887,85671900
3/31/21,121.650002,123.519997,121.150002,122.150002,120.056313,118323800
4/1/21,123.660004,124.18,122.489998,123,120.891739,75089100
4/5/21,123.870003,126.160004,123.07,125.900002,123.74205,88651200
4/6/21,126.5,127.129997,125.650002,126.209999,124.046722,80171300
4/7/21,125.830002,127.919998,125.139999,127.900002,125.707756,83466700
4/8/21,128.949997,130.389999,128.520004,130.360001,128.125595,88844600
4/9/21,129.800003,133.039993,129.470001,133,130.720322,106686700
4/12/21,132.520004,132.850006,130.630005,131.240005,128.990524,91420000
4/13/21,132.440002,134.660004,131.929993,134.429993,132.125839,91266500
4/14/21,134.940002,135,131.660004,132.029999,129.766983,87222800
4/15/21,133.820007,135,133.639999,134.5,132.194656,89347100
4/16/21,134.300003,134.669998,133.279999,134.160004,131.860474,84922400
4/19/21,133.509995,135.470001,133.339996,134.839996,132.528793,94264200
4/20/21,135.020004,135.529999,131.809998,133.110001,130.828461,94812300
4/21/21,132.360001,133.75,131.300003,133.5,131.211807,68847100
4/22/21,133.039993,134.149994,131.410004,131.940002,129.678543,84566500
4/23/21,132.160004,135.119995,132.160004,134.320007,132.017715,78657500
4/26/21,134.830002,135.059998,133.559998,134.720001,132.410858,66905100
4/27/21,135.009995,135.410004,134.110001,134.389999,132.086517,66015800
4/28/21,134.309998,135.020004,133.080002,133.580002,131.29039,107760100
4/29/21,136.470001,137.070007,132.449997,133.479996,131.192123,151101000
4/30/21,131.779999,133.559998,131.070007,131.460007,129.206757,109839500
5/3/21,132.039993,134.070007,131.830002,132.539993,130.268234,75135100
5/4/21,131.190002,131.490005,126.699997,127.849998,125.65863,137564700
5/5/21,129.199997,130.449997,127.970001,128.100006,125.904343,84000900
5/6/21,127.889999,129.75,127.129997,129.740005,127.516235,78128300
5/7/21,130.850006,131.259995,129.479996,130.210007,128.195557,78973300
5/10/21,129.410004,129.539993,126.809998,126.849998,124.887535,88071200
5/11/21,123.5,126.269997,122.769997,125.910004,123.962082,126142800
5/12/21,123.400002,124.639999,122.25,122.769997,120.870651,112172300
5/13/21,124.580002,126.150002,124.260002,124.970001,123.036606,105861300
5/14/21,126.25,127.889999,125.849998,127.449997,125.478249,81918000
5/17/21,126.82,126.93,125.169998,126.269997,124.31649,74244600
5/18/21,126.559998,126.989998,124.779999,124.849998,122.91848,63342900
5/19/21,123.160004,124.919998,122.860001,124.690002,122.760963,92612000
5/20/21,125.230003,127.720001,125.099998,127.309998,125.340408,76857100
5/21/21,127.82,128,125.209999,125.43,123.489494,79295400
5/24/21,126.010002,127.940002,125.940002,127.099998,125.133652,63092900
5/25/21,127.82,128.320007,126.32,126.900002,124.93676,72009500
5/26/21,126.959999,127.389999,126.419998,126.849998,124.887535,56575900
5/27/21,126.440002,127.639999,125.080002,125.279999,123.341812,94625600
5/28/21,125.57,125.800003,124.550003,124.610001,122.68219,71311100
6/1/21,125.080002,125.349998,123.940002,124.279999,122.357277,67637100
6/2/21,124.279999,125.239998,124.050003,125.059998,123.125214,59278900
6/3/21,124.68,124.849998,123.129997,123.540001,121.628754,76229200
6/4/21,124.07,126.160004,123.849998,125.889999,123.942383,75169300
6/7/21,126.169998,126.32,124.830002,125.900002,123.952248,71057600
6/8/21,126.599998,128.460007,126.209999,126.739998,124.779243,74403800
6/9/21,127.209999,127.75,126.519997,127.129997,125.163185,56877900
6/10/21,127.019997,128.190002,125.940002,126.110001,124.158981,71186400
6/11/21,126.529999,127.440002,126.099998,127.349998,125.379807,53522400
6/14/21,127.82,130.539993,127.07,130.479996,128.461349,96906500
6/15/21,129.940002,130.600006,129.389999,129.639999,127.634369,62746300
6/16/21,130.369995,130.889999,128.460007,130.149994,128.136459,91815000
6/17/21,129.800003,132.550003,129.649994,131.789993,129.751083,96721700
6/18/21,130.710007,131.509995,130.240005,130.460007,128.441696,108953300
6/21/21,130.300003,132.410004,129.210007,132.300003,130.25322,79663300
6/22/21,132.130005,134.080002,131.619995,133.979996,131.907211,74783600
6/23/21,133.770004,134.320007,133.229996,133.699997,131.631546,60214200
6/24/21,134.449997,134.639999,132.929993,133.410004,131.346024,68711000
6/25/21,133.460007,133.889999,132.809998,133.110001,131.050674,70783700
6/28/21,133.410004,135.25,133.350006,134.779999,132.694839,62111300
6/29/21,134.800003,136.490005,134.350006,136.330002,134.220856,64556100
6/30/21,136.169998,137.410004,135.869995,136.960007,134.841156,63261400
7/1/21,136.600006,137.330002,135.759995,137.270004,135.146332,52485800
7/2/21,137.899994,140,137.75,139.960007,137.794708,78852600
7/6/21,140.070007,143.149994,140.070007,142.020004,139.82283,108181800
7/7/21,143.539993,144.889999,142.660004,144.570007,142.333389,104911600
7/8/21,141.580002,144.059998,140.669998,143.240005,141.023972,105575500
7/9/21,142.75,145.649994,142.649994,145.110001,142.865021,99890800
7/12/21,146.210007,146.320007,144,144.5,142.264481,76299700
7/13/21,144.029999,147.460007,143.630005,145.639999,143.386841,100827100
7/14/21,148.100006,149.570007,147.679993,149.149994,146.842499,127050800
7/15/21,149.240005,150,147.089996,148.479996,146.182892,106820300
7/16/21,148.460007,149.759995,145.880005,146.389999,144.125259,93251400
7/19/21,143.75,144.070007,141.669998,142.449997,140.246185,121434600
7/20/21,143.460007,147.100006,142.960007,146.149994,143.888931,96350000
7/21/21,145.529999,146.130005,144.630005,145.399994,143.150528,74993500
7/22/21,145.940002,148.199997,145.809998,146.800003,144.528885,77338200
7/23/21,147.550003,148.720001,146.919998,148.559998,146.261642,71447400
7/26/21,148.270004,149.830002,147.699997,148.990005,146.685043,72434100
7/27/21,149.119995,149.210007,145.550003,146.770004,144.499344,104818600
7/28/21,144.809998,146.970001,142.539993,144.979996,142.73703,118931200
7/29/21,144.690002,146.550003,144.580002,145.639999,143.386841,56699500
7/30/21,144.380005,146.330002,144.110001,145.860001,143.603424,70440600
8/2/21,146.360001,146.949997,145.25,145.520004,143.268661,62880000
8/3/21,145.809998,148.039993,145.179993,147.360001,145.080231,64786600
8/4/21,147.270004,147.789993,146.279999,146.949997,144.676544,56368300
8/5/21,146.979996,147.839996,146.169998,147.059998,144.784851,46397700
8/6/21,146.350006,147.110001,145.630005,146.139999,144.094666,54126800
8/9/21,146.199997,146.699997,145.520004,146.089996,144.04538,48908700
8/10/21,146.440002,147.710007,145.300003,145.600006,143.562241,69023100
8/11/21,146.050003,146.720001,145.529999,145.860001,143.818588,48493500
8/12/21,146.190002,149.050003,145.839996,148.889999,146.806183,72282600
8/13/21,148.970001,149.440002,148.270004,149.100006,147.013275,59375000
8/16/21,148.539993,151.190002,146.470001,151.119995,149.004974,103296000
8/17/21,150.229996,151.679993,149.089996,150.190002,148.087997,92229700
8/18/21,149.800003,150.720001,146.149994,146.360001,144.311584,86326000
8/19/21,145.029999,148,144.5,146.699997,144.64682,86960300
8/20/21,147.440002,148.5,146.779999,148.190002,146.115982,60549600
8/23/21,148.309998,150.190002,147.889999,149.710007,147.614731,60131800
8/24/21,149.449997,150.860001,149.149994,149.619995,147.52594,48606400
8/25/21,149.809998,150.320007,147.800003,148.360001,146.283569,58991300
8/26/21,148.350006,149.119995,147.509995,147.539993,145.475052,48597200
8/27/21,147.479996,148.75,146.830002,148.600006,146.520248,55802400
8/30/21,149,153.490005,148.610001,153.119995,150.976959,90956700
8/31/21,152.660004,152.800003,151.289993,151.830002,149.705032,86453100
9/1/21,152.830002,154.979996,152.339996,152.509995,150.375504,80313700
9/2/21,153.869995,154.720001,152.399994,153.649994,151.499557,71115500
9/3/21,153.759995,154.630005,153.089996,154.300003,152.140457,57808700
9/7/21,154.970001,157.259995,154.389999,156.690002,154.497009,82278300
9/8/21,156.979996,157.039993,153.979996,155.110001,152.939133,74420200
9/9/21,155.490005,156.110001,153.949997,154.070007,151.913666,57305700
9/10/21,155,155.479996,148.699997,148.970001,146.88504,140893200
9/13/21,150.630005,151.419998,148.75,149.550003,147.45694,102404300
9/14/21,150.350006,151.070007,146.910004,148.119995,146.046936,109296300
9/15/21,148.559998,149.440002,146.369995,149.029999,146.944214,83281300
9/16/21,148.440002,148.970001,147.220001,148.789993,146.707565,68034100
9/17/21,148.820007,148.820007,145.759995,146.059998,144.015778,129868800
9/20/21,143.800003,144.839996,141.270004,142.940002,140.939453,123478900
9/21/21,143.929993,144.600006,142.779999,143.429993,141.422562,75834000
9/22/21,144.449997,146.429993,143.699997,145.850006,143.808746,76404300
9/23/21,146.649994,147.080002,145.639999,146.830002,144.775024,64838200
9/24/21,145.660004,147.470001,145.559998,146.919998,144.863754,53477900
9/27/21,145.470001,145.960007,143.820007,145.369995,143.335449,74150700
9/28/21,143.25,144.75,141.690002,141.910004,139.923889,108972300
9/29/21,142.470001,144.449997,142.029999,142.830002,140.830978,74602000
9/30/21,143.660004,144.380005,141.279999,141.5,139.519623,89056700
10/1/21,141.899994,142.919998,139.110001,142.649994,140.653458,94639600
10/4/21,141.759995,142.210007,138.270004,139.139999,137.192642,98322000
10/5/21,139.490005,142.240005,139.360001,141.110001,139.135056,80861100
10/6/21,139.470001,142.149994,138.369995,142,140.012619,83221100
10/7/21,143.059998,144.220001,142.720001,143.289993,141.284576,61732700
10/8/21,144.029999,144.179993,142.559998,142.899994,140.900009,58773200
10/11/21,142.270004,144.809998,141.809998,142.809998,140.811264,64452200
10/12/21,143.229996,143.25,141.039993,141.509995,139.529465,73035900
10/13/21,141.240005,141.399994,139.199997,140.910004,138.937881,78762700
10/14/21,142.110001,143.880005,141.509995,143.759995,141.747986,69907100
10/15/21,143.770004,144.899994,143.509995,144.839996,142.812851,67940300
10/18/21,143.449997,146.839996,143.160004,146.550003,144.498917,85589200
10/19/21,147.009995,149.169998,146.550003,148.759995,146.677979,76378900
10/20/21,148.699997,149.75,148.119995,149.259995,147.17099,58418800
10/21/21,148.809998,149.639999,147.869995,149.479996,147.387909,61421000
10/22/21,149.690002,150.179993,148.639999,148.690002,146.609009,58883400
10/25/21,148.679993,149.369995,147.619995,148.639999,146.559677,50720600
10/26/21,149.330002,150.839996,149.009995,149.320007,147.230148,60893400
10/27/21,149.360001,149.729996,148.490005,148.850006,146.766724,56094900
10/28/21,149.820007,153.169998,149.720001,152.570007,150.434677,100077900
10/29/21,147.220001,149.940002,146.410004,149.800003,147.703461,124953200
11/1/21,148.990005,149.699997,147.800003,148.960007,146.875198,74588300
11/2/21,148.660004,151.570007,148.649994,150.020004,147.920364,69122000
11/3/21,150.389999,151.970001,149.820007,151.490005,149.369797,54511500
11/4/21,151.580002,152.429993,150.639999,150.960007,148.847198,60394600
11/5/21,151.889999,152.199997,150.059998,151.279999,149.380447,65463900
11/8/21,151.410004,151.570007,150.160004,150.440002,148.550964,55020900
11/9/21,150.199997,151.429993,150.059998,150.809998,148.916336,56787900
11/10/21,150.020004,150.130005,147.850006,147.919998,146.062622,65187100
11/11/21,148.960007,149.429993,147.679993,147.869995,146.01326,41000000
11/12/21,148.429993,150.399994,147.479996,149.990005,148.106644,63804000
11/15/21,150.369995,151.880005,149.429993,150,148.116501,59222800
11/16/21,149.940002,151.490005,149.339996,151,149.103973,59256200
11/17/21,151,155,150.990005,153.490005,151.562653,88807000
11/18/21,153.710007,158.669998,153.050003,157.869995,155.88765,137827700
11/19/21,157.649994,161.020004,156.529999,160.550003,158.534042,117305600
11/22/21,161.679993,165.699997,161,161.020004,158.998108,117467900
11/23/21,161.119995,161.800003,159.059998,161.410004,159.383224,96041900
11/24/21,160.75,162.139999,159.639999,161.940002,159.906586,69463600
11/26/21,159.570007,160.449997,156.360001,156.809998,154.840988,76959800
11/29/21,159.369995,161.190002,158.789993,160.240005,158.227921,88748200
11/30/21,159.990005,165.520004,159.919998,165.300003,163.22438,174048100
12/1/21,167.479996,170.300003,164.529999,164.770004,162.701019,152052500
12/2/21,158.740005,164.199997,157.800003,163.759995,161.70372,136739200
12/3/21,164.020004,164.960007,159.720001,161.839996,159.8078,118023100
12/6/21,164.289993,167.880005,164.279999,165.320007,163.244156,107497000
12/7/21,169.080002,171.580002,168.339996,171.179993,169.030518,120405400
12/8/21,172.130005,175.960007,170.699997,175.080002,172.881592,116998900
12/9/21,174.910004,176.75,173.919998,174.559998,172.368118,108923700
12/10/21,175.210007,179.630005,174.690002,179.449997,177.196701,115402700
12/13/21,181.119995,182.130005,175.529999,175.740005,173.533295,153237000
12/14/21,175.25,177.740005,172.210007,174.330002,172.140961,139380400
12/15/21,175.110001,179.5,172.309998,179.300003,177.048599,131063300
12/16/21,179.279999,181.139999,170.75,172.259995,170.09697,150185800
12/17/21,169.929993,173.470001,169.690002,171.139999,168.991043,195432700
12/20/21,168.279999,170.580002,167.460007,169.75,167.6185,107499100
12/21/21,171.559998,173.199997,169.119995,172.990005,170.817825,91185900
12/22/21,173.039993,175.860001,172.149994,175.639999,173.434525,92135300
12/23/21,175.850006,176.850006,175.270004,176.279999,174.066513,68356600
12/27/21,177.089996,180.419998,177.070007,180.330002,178.065643,74919600
12/28/21,180.160004,181.330002,178.529999,179.289993,177.038712,79144300
12/29/21,179.330002,180.630005,178.139999,179.380005,177.127594,62348900
12/30/21,179.470001,180.570007,178.089996,178.199997,175.962387,59773000
12/31/21,178.089996,179.229996,177.259995,177.570007,175.340302,64062300
1/3/22,177.830002,182.880005,177.710007,182.009995,179.724564,104487900
1/4/22,182.630005,182.940002,179.119995,179.699997,177.443573,99310400
1/5/22,179.610001,180.169998,174.639999,174.919998,172.723572,94537600
1/6/22,172.699997,175.300003,171.639999,172,169.840225,96904000
1/7/22,172.889999,174.139999,171.029999,172.169998,170.008133,86709100
1/10/22,169.080002,172.5,168.169998,172.190002,170.027847,106765600
1/11/22,172.320007,175.179993,170.820007,175.080002,172.881592,76138300
1/12/22,176.119995,177.179993,174.820007,175.529999,173.325912,74805200
1/13/22,175.779999,176.619995,171.789993,172.190002,170.027847,84505800
1/14/22,171.339996,173.779999,171.089996,173.070007,170.896835,80440800
1/18/22,171.509995,172.539993,169.410004,169.800003,167.667892,90956700
1/19/22,170,171.080002,165.940002,166.229996,164.1427,94815000
1/20/22,166.979996,169.679993,164.179993,164.509995,162.444305,91420500
1/21/22,164.419998,166.330002,162.300003,162.410004,160.370682,122848900
1/24/22,160.020004,162.300003,154.699997,161.619995,159.590561,162294600
1/25/22,158.979996,162.759995,157.020004,159.779999,157.773666,115798400
1/26/22,163.5,164.389999,157.820007,159.690002,157.684799,108275300
1/27/22,162.449997,163.839996,158.279999,159.220001,157.220749,121954600
1/28/22,165.710007,170.350006,162.800003,170.330002,168.191208,179935700
1/31/22,170.160004,175,169.509995,174.779999,172.585342,115541600
2/1/22,174.009995,174.839996,172.309998,174.610001,172.41748,86213900
2/2/22,174.75,175.880005,173.330002,175.839996,173.632019,84914300
2/3/22,174.479996,176.240005,172.119995,172.899994,170.728943,89418100
2/4/22,171.679993,174.100006,170.679993,172.389999,170.4422,82465400
2/7/22,172.860001,173.949997,170.949997,171.660004,169.720474,77251200
2/8/22,171.729996,175.350006,171.429993,174.830002,172.854675,74829200
2/9/22,176.050003,176.649994,174.899994,176.279999,174.288284,71285000
2/10/22,174.139999,175.479996,171.550003,172.119995,170.175278,90865900
2/11/22,172.330002,173.080002,168.039993,168.639999,166.734619,98670700
2/14/22,167.369995,169.580002,166.559998,168.880005,166.971878,86185500
2/15/22,170.970001,172.949997,170.25,172.789993,170.837708,62527400
2/16/22,171.850006,173.339996,170.050003,172.550003,170.600418,61177400
2/17/22,171.029999,171.910004,168.470001,168.880005,166.971878,69589300
2/18/22,169.820007,170.539993,166.190002,167.300003,165.40976,82772700
2/22/22,164.979996,166.690002,162.149994,164.320007,162.463409,91162800
2/23/22,165.539993,166.149994,159.75,160.070007,158.261444,90009200
2/24/22,152.580002,162.850006,152,162.740005,160.901306,141147500
2/25/22,163.839996,165.119995,160.869995,164.850006,162.987442,91974200
2/28/22,163.059998,165.419998,162.429993,165.119995,163.254379,95056600
3/1/22,164.699997,166.600006,161.970001,163.199997,161.356064,83474400
3/2/22,164.389999,167.360001,162.949997,166.559998,164.678101,79724800
3/3/22,168.470001,168.910004,165.550003,166.229996,164.351822,76678400
3/4/22,164.490005,165.550003,162.100006,163.169998,161.326416,83737200
3/7/22,163.360001,165.020004,159.039993,159.300003,157.500153,96418800
3/8/22,158.820007,162.880005,155.800003,157.440002,155.661133,131148300
3/9/22,161.479996,163.410004,159.410004,162.949997,161.108902,91454900
3/10/22,160.199997,160.389999,155.979996,158.520004,156.728958,105342000
3/11/22,158.929993,159.279999,154.5,154.729996,152.981766,96970100
3/14/22,151.449997,154.119995,150.100006,150.619995,148.918198,108732100
3/15/22,150.899994,155.570007,150.380005,155.089996,153.337677,92964300
3/16/22,157.050003,160,154.460007,159.589996,157.786865,102300200
3/17/22,158.610001,161,157.630005,160.619995,158.805222,75615400
3/18/22,160.509995,164.479996,159.759995,163.979996,162.127274,123511700
3/21/22,163.509995,166.350006,163.009995,165.380005,163.511444,95811400
3/22/22,165.509995,169.419998,164.910004,168.820007,166.912598,81532000
3/23/22,167.990005,172.639999,167.649994,170.210007,168.286865,98062700
3/24/22,171.059998,174.139999,170.210007,174.070007,172.103241,90131400
3/25/22,173.880005,175.279999,172.75,174.720001,172.745911,80546200
3/28/22,172.169998,175.729996,172,175.600006,173.615967,90371900
3/29/22,176.690002,179.009995,176.339996,178.960007,176.937988,100589400
3/30/22,178.550003,179.610001,176.699997,177.770004,175.761459,92633200
3/31/22,177.839996,178.029999,174.399994,174.610001,172.637161,103049300
4/1/22,174.029999,174.880005,171.940002,174.309998,172.34053,78751300
4/4/22,174.570007,178.490005,174.440002,178.440002,176.423859,76468400
4/5/22,177.5,178.300003,174.419998,175.059998,173.082062,73401800
4/6/22,172.360001,173.630005,170.130005,171.830002,169.888565,89058800
4/7/22,171.160004,173.360001,169.850006,172.139999,170.195053,77594700
4/8/22,171.779999,171.779999,169.199997,170.089996,168.168198,76575500
4/11/22,168.710007,169.029999,165.5,165.75,163.877243,72246700
4/12/22,168.020004,169.869995,166.639999,167.660004,165.765671,79265200
4/13/22,167.389999,171.039993,166.770004,170.399994,168.474701,70618900
4/14/22,170.619995,171.270004,165.039993,165.289993,163.42244,75329400
4/18/22,163.919998,166.600006,163.570007,165.070007,163.204956,69023900
4/19/22,165.020004,167.820007,163.910004,167.399994,165.508606,67723800
4/20/22,168.759995,168.880005,166.100006,167.229996,165.340546,67929800
4/21/22,168.910004,171.529999,165.910004,166.419998,164.539673,87227800
4/22/22,166.460007,167.869995,161.5,161.789993,159.961975,84882400
4/25/22,161.119995,163.169998,158.460007,162.880005,161.039688,96046400
4/26/22,162.25,162.339996,156.720001,156.800003,155.028381,95623200
4/27/22,155.910004,159.789993,155.380005,156.570007,154.800995,88063200
4/28/22,159.25,164.520004,158.929993,163.639999,161.791077,130216800
4/29/22,161.839996,166.199997,157.25,157.649994,155.868759,131747600
5/2/22,156.710007,158.229996,153.270004,157.960007,156.175262,123055300
5/3/22,158.149994,160.710007,156.320007,159.479996,157.678101,88966500
5/4/22,159.669998,166.479996,159.259995,166.020004,164.144196,108256500
5/5/22,163.850006,164.080002,154.949997,156.770004,154.998749,130525300
5/6/22,156.009995,159.440002,154.179993,157.279999,155.731445,116124600
5/9/22,154.929993,155.830002,151.490005,152.059998,150.56282,131577900
5/10/22,155.520004,156.740005,152.929993,154.509995,152.988693,115366700
5/11/22,153.5,155.449997,145.809998,146.5,145.057571,142689800
5/12/22,142.770004,146.199997,138.800003,142.559998,141.156342,182602000
5/13/22,144.589996,148.100006,143.110001,147.110001,145.661545,113990900
5/16/22,145.550003,147.520004,144.179993,145.539993,144.107025,86643800
5/17/22,148.860001,149.770004,146.679993,149.240005,147.770599,78336300
5/18/22,146.850006,147.360001,139.899994,140.820007,139.433502,109742900
5/19/22,139.880005,141.660004,136.600006,137.350006,135.997665,136095600
5/20/22,139.089996,140.699997,132.610001,137.589996,136.235306,137426100
5/23/22,137.789993,143.259995,137.649994,143.110001,141.700974,117726300
5/24/22,140.809998,141.970001,137.330002,140.360001,138.978027,104132700
5/25/22,138.429993,141.789993,138.339996,140.520004,139.136459,92482700
5/26/22,137.389999,144.339996,137.139999,143.779999,142.364349,90601500
5/27/22,145.389999,149.679993,145.259995,149.639999,148.166641,90978500
5/31/22,149.070007,150.660004,146.839996,148.839996,147.374557,103718400
6/1/22,149.899994,151.740005,147.679993,148.710007,147.245819,74286600
6/2/22,147.830002,151.270004,146.860001,151.210007,149.721191,72348100
6/3/22,146.899994,147.970001,144.460007,145.380005,143.948608,88570300
6/6/22,147.029999,148.570007,144.899994,146.139999,144.701111,71598400
6/7/22,144.350006,149,144.100006,148.710007,147.245819,67808200
6/8/22,148.580002,149.869995,147.460007,147.960007,146.503189,53950200
6/9/22,147.080002,147.949997,142.529999,142.639999,141.23558,69473000
6/10/22,140.279999,140.759995,137.059998,137.130005,135.779831,91437900
6/13/22,132.869995,135.199997,131.440002,131.880005,130.581528,122207100
6/14/22,133.130005,133.889999,131.479996,132.759995,131.452835,84784300
6/15/22,134.289993,137.339996,132.160004,135.429993,134.096558,91533000
6/16/22,132.080002,132.389999,129.039993,130.059998,128.779434,108123900
6/17/22,130.070007,133.080002,129.809998,131.559998,130.264664,134520300
6/21/22,133.419998,137.059998,133.320007,135.869995,134.532211,81000500
6/22/22,134.789993,137.759995,133.910004,135.350006,134.017365,73409200
6/23/22,136.820007,138.589996,135.630005,138.270004,136.9086,72433800
6/24/22,139.899994,141.910004,139.770004,141.660004,140.265228,89116800
6/27/22,142.699997,143.490005,140.970001,141.660004,140.265228,70207900
6/28/22,142.130005,143.419998,137.320007,137.440002,136.086761,67083400
6/29/22,137.460007,140.669998,136.669998,139.229996,137.859146,66242400
6/30/22,137.25,138.369995,133.770004,136.720001,135.373856,98964500
7/1/22,136.039993,139.039993,135.660004,138.929993,137.562119,71051600
7/5/22,137.770004,141.610001,136.929993,141.559998,140.166214,73353800
7/6/22,141.350006,144.119995,141.080002,142.919998,141.512817,74064300
7/7/22,143.289993,146.550003,143.279999,146.350006,144.909058,66253700
7/8/22,145.259995,147.550003,145,147.039993,145.592224,64547800
7/11/22,145.669998,146.639999,143.779999,144.869995,143.443619,63141600
7/12/22,145.759995,148.449997,145.050003,145.860001,144.423874,77588800
7/13/22,142.990005,146.449997,142.119995,145.490005,144.057541,71185600
7/14/22,144.080002,148.949997,143.25,148.470001,147.008163,78140700
7/15/22,149.779999,150.860001,148.199997,150.169998,148.691406,76259900
7/18/22,150.740005,151.570007,146.699997,147.070007,145.621979,81420900
7/19/22,147.919998,151.229996,146.910004,151,149.51326,82982400
7/20/22,151.119995,153.720001,150.369995,153.039993,151.533173,64823400
7/21/22,154.5,155.570007,151.940002,155.350006,153.820435,65086600
7/22/22,155.389999,156.279999,153.410004,154.089996,152.572845,66675400
7/25/22,154.009995,155.039993,152.279999,152.949997,151.444046,53623900
7/26/22,152.259995,153.089996,150.800003,151.600006,150.107361,55138700
7/27/22,152.580002,157.330002,152.160004,156.789993,155.246262,78620700
7/28/22,156.979996,157.639999,154.410004,157.350006,155.800735,81378700
7/29/22,161.240005,163.630005,159.5,162.509995,160.909943,101786900
8/1/22,161.009995,163.589996,160.889999,161.509995,159.919769,67829400
8/2/22,160.100006,162.410004,159.630005,160.009995,158.43454,59907000
8/3/22,160.839996,166.589996,160.75,166.130005,164.494324,82507500
8/4/22,166.009995,167.190002,164.429993,165.809998,164.177444,55474100
8/5/22,163.210007,165.850006,163,165.350006,163.949402,56697000
8/8/22,166.369995,167.809998,164.199997,164.869995,163.47345,60276900
8/9/22,164.020004,165.820007,163.25,164.919998,163.523041,63135500
8/10/22,167.679993,169.339996,166.899994,169.240005,167.806427,70170500
8/11/22,170.059998,170.990005,168.190002,168.490005,167.06279,57149200
8/12/22,169.820007,172.169998,169.399994,172.100006,170.642212,68039400
8/15/22,171.520004,173.389999,171.350006,173.190002,171.722977,54091700
8/16/22,172.779999,173.710007,171.660004,173.029999,171.564331,56377100
8/17/22,172.770004,176.149994,172.570007,174.550003,173.071457,79542000
8/18/22,173.75,174.899994,173.119995,174.149994,172.674835,62290100
8/19/22,173.029999,173.740005,171.309998,171.520004,170.067123,70346300
8/22/22,169.690002,169.860001,167.139999,167.570007,166.150589,69026800
8/23/22,167.080002,168.710007,166.649994,167.229996,165.813461,54147100
8/24/22,167.320007,168.110001,166.25,167.529999,166.110916,53841500
8/25/22,168.779999,170.139999,168.350006,170.029999,168.589737,51218200
8/26/22,170.570007,171.050003,163.559998,163.619995,162.234055,78961000
8/29/22,161.149994,162.899994,159.820007,161.380005,160.013031,73314000
8/30/22,162.130005,162.559998,157.720001,158.910004,157.563934,77906200
8/31/22,160.309998,160.580002,157.139999,157.220001,155.88826,87991100
9/1/22,156.639999,158.419998,154.669998,157.960007,156.621994,74229900
9/2/22,159.75,160.360001,154.970001,155.809998,154.490204,76957800
9/6/22,156.470001,157.089996,153.690002,154.529999,153.221039,73714800
9/7/22,154.820007,156.669998,153.610001,155.960007,154.638931,87449600
9/8/22,154.639999,156.360001,152.679993,154.460007,153.151657,84923800
9/9/22,155.470001,157.820007,154.75,157.369995,156.036987,68028800
9/12/22,159.589996,164.259995,159.300003,163.429993,162.045639,104956000
9/13/22,159.899994,160.539993,153.369995,153.839996,152.536896,122656600
9/14/22,154.789993,157.100006,153.610001,155.309998,153.994446,87965400
9/15/22,154.649994,155.240005,151.380005,152.369995,151.079346,90481100
9/16/22,151.210007,151.350006,148.369995,150.699997,149.423477,162278800
9/19/22,149.309998,154.559998,149.100006,154.479996,153.171463,81474200
9/20/22,153.399994,158.080002,153.080002,156.899994,155.570969,107689800
9/21/22,157.339996,158.740005,153.600006,153.720001,152.417892,101696800
9/22/22,152.380005,154.470001,150.910004,152.740005,151.446198,86652500
9/23/22,151.190002,151.470001,148.559998,150.429993,149.155762,96029900
9/26/22,149.660004,153.770004,149.639999,150.770004,149.492905,93339400
9/27/22,152.740005,154.720001,149.949997,151.759995,150.474503,84442700
9/28/22,147.639999,150.639999,144.839996,149.839996,148.570755,146691400
9/29/22,146.100006,146.720001,140.679993,142.479996,141.273132,128138200
9/30/22,141.279999,143.100006,138,138.199997,137.029373,124925300
10/3/22,138.210007,143.070007,137.690002,142.449997,141.243362,114311700
10/4/22,145.029999,146.220001,144.259995,146.100006,144.862457,87830100
10/5/22,144.070007,147.380005,143.009995,146.399994,145.159912,79471000
10/6/22,145.809998,147.539993,145.220001,145.429993,144.19812,68402200
10/7/22,142.539993,143.100006,139.449997,140.089996,138.903366,85925600
10/10/22,140.419998,141.889999,138.570007,140.419998,139.23056,74899000
10/11/22,139.899994,141.350006,138.220001,138.979996,137.80275,77033700
10/12/22,139.130005,140.360001,138.160004,138.339996,137.168182,70433700
10/13/22,134.990005,143.589996,134.369995,142.990005,141.778824,113224000
10/14/22,144.309998,144.520004,138.190002,138.380005,137.20784,88598000
10/17/22,141.070007,142.899994,140.270004,142.410004,141.20372,85250900
10/18/22,145.490005,146.699997,140.610001,143.75,142.532364,99136600
10/19/22,141.690002,144.949997,141.5,143.860001,142.641418,61758300
10/20/22,143.020004,145.889999,142.649994,143.389999,142.175415,64522000
10/21/22,142.869995,147.850006,142.649994,147.270004,146.022537,86548600
10/24/22,147.190002,150.229996,146,149.449997,148.184067,75981900
10/25/22,150.089996,152.490005,149.360001,152.339996,151.049576,74732300
10/26/22,150.960007,151.990005,148.039993,149.350006,148.08493,88194300
10/27/22,148.070007,149.050003,144.130005,144.800003,143.573456,109180200
10/28/22,148.199997,157.5,147.820007,155.740005,154.420792,164762400
10/31/22,153.160004,154.240005,151.919998,153.339996,152.041107,97943200
11/1/22,155.080002,155.449997,149.130005,150.649994,149.373901,80379300
11/2/22,148.949997,152.169998,145,145.029999,143.801498,93604600
11/3/22,142.059998,142.800003,138.75,138.880005,137.703598,97918500
11/4/22,142.089996,142.669998,134.380005,138.380005,137.435455,140814800
11/7/22,137.110001,139.149994,135.669998,138.919998,137.971756,83374600
11/8/22,140.410004,141.429993,137.490005,139.5,138.547821,89908500
11/9/22,138.5,138.550003,134.589996,134.869995,133.949417,74917800
11/10/22,141.240005,146.869995,139.5,146.869995,145.867493,118854000
11/11/22,145.820007,150.009995,144.369995,149.699997,148.678177,93979700
11/14/22,148.970001,150.279999,147.429993,148.279999,147.267883,73374100
11/15/22,152.220001,153.589996,148.559998,150.039993,149.015854,89868300
11/16/22,149.130005,149.869995,147.289993,148.789993,147.774384,64218300
11/17/22,146.429993,151.479996,146.149994,150.720001,149.691238,80389400
11/18/22,152.309998,152.699997,149.970001,151.289993,150.257309,74829600
11/21/22,150.160004,150.369995,147.720001,148.009995,146.999725,58724100
11/22/22,148.130005,150.419998,146.929993,150.179993,149.154907,51804100
11/23/22,149.449997,151.830002,149.339996,151.070007,150.038849,58301400
11/25/22,148.309998,148.880005,147.119995,148.110001,147.099045,35195900
11/28/22,145.139999,146.639999,143.380005,144.220001,143.23558,69246000
11/29/22,144.289993,144.809998,140.350006,141.169998,140.206406,83763800
11/30/22,141.399994,148.720001,140.550003,148.029999,147.019592,111380900
12/1/22,148.210007,149.130005,146.610001,148.309998,147.297668,71250400
12/2/22,145.960007,148,145.649994,147.809998,146.801071,65447400
12/5/22,147.770004,150.919998,145.770004,146.630005,145.629135,68826400
12/6/22,147.070007,147.300003,141.919998,142.910004,141.93454,64727200
12/7/22,142.190002,143.369995,140,140.940002,139.977982,69721100
12/8/22,142.360001,143.520004,141.100006,142.649994,141.6763,62128300
12/9/22,142.339996,145.570007,140.899994,142.160004,141.189651,76097000
12/12/22,142.699997,144.5,141.059998,144.490005,143.503738,70462700
12/13/22,149.5,149.970001,144.240005,145.470001,144.477051,93886200
12/14/22,145.350006,146.660004,141.160004,143.210007,142.232498,82291200
12/15/22,141.110001,141.800003,136.029999,136.5,135.568268,98931900
12/16/22,136.690002,137.649994,133.729996,134.509995,133.591858,160156900
12/19/22,135.110001,135.199997,131.320007,132.369995,131.466476,79592600
12/20/22,131.389999,133.25,129.889999,132.300003,131.396957,77432800
12/21/22,132.979996,136.809998,132.75,135.449997,134.525436,85928000
12/22/22,134.350006,134.559998,130.300003,132.229996,131.327423,77852100
12/23/22,130.919998,132.419998,129.639999,131.860001,130.959961,63814900
12/27/22,131.380005,131.410004,128.720001,130.029999,129.142441,69007800
12/28/22,129.669998,131.029999,125.870003,126.040001,125.17968,85438400
12/29/22,127.989998,130.479996,127.730003,129.610001,128.725311,75703700
12/30/22,128.410004,129.949997,127.43,129.929993,129.043106,77034200
1/3/23,130.279999,130.899994,124.169998,125.07,124.216293,112117500
1/4/23,126.889999,128.660004,125.080002,126.360001,125.497498,89113600
1/5/23,127.129997,127.769997,124.760002,125.019997,124.166641,80962700
1/6/23,126.010002,130.289993,124.889999,129.619995,128.735229,87754700
1/9/23,130.470001,133.410004,129.889999,130.149994,129.261612,70790800
1/10/23,130.259995,131.259995,128.119995,130.729996,129.837662,63896200
1/11/23,131.25,133.509995,130.460007,133.490005,132.578827,69458900
1/12/23,133.880005,134.259995,131.440002,133.410004,132.49939,71379600
1/13/23,132.029999,134.919998,131.660004,134.759995,133.840164,57809700
1/17/23,134.830002,137.289993,134.130005,135.940002,135.0121,63646600
1/18/23,136.820007,138.610001,135.029999,135.210007,134.287094,69672800
1/19/23,134.080002,136.25,133.770004,135.270004,134.34668,58280400
1/20/23,135.279999,138.020004,134.220001,137.869995,136.928925,80223600
1/23/23,138.119995,143.320007,137.899994,141.110001,140.14682,81760300
1/24/23,140.309998,143.160004,140.300003,142.529999,141.557114,66435100
1/25/23,140.889999,142.429993,138.809998,141.860001,140.891693,65799300
1/26/23,143.169998,144.25,141.899994,143.960007,142.977386,54105100
1/27/23,143.160004,147.229996,143.080002,145.929993,144.933914,70555800
1/30/23,144.960007,145.550003,142.850006,143,142.023926,64015300
1/31/23,142.699997,144.339996,142.279999,144.289993,143.305099,65874500
2/1/23,143.970001,146.610001,141.320007,145.429993,144.437332,77663600
2/2/23,148.899994,151.179993,148.169998,150.820007,149.790573,118339000
2/3/23,148.029999,157.380005,147.830002,154.5,153.445419,154357300
2/6/23,152.570007,153.100006,150.779999,151.729996,150.694321,69858300
2/7/23,150.639999,155.229996,150.639999,154.649994,153.594391,83322600
2/8/23,153.880005,154.580002,151.169998,151.919998,150.883026,64120100
2/9/23,153.779999,154.330002,150.419998,150.869995,149.840179,56007100
2/10/23,149.460007,151.339996,149.220001,151.009995,150.208221,57450700
2/13/23,150.949997,154.259995,150.919998,153.850006,153.033173,62199000
2/14/23,152.119995,153.770004,150.860001,153.199997,152.386597,61707600
2/15/23,153.110001,155.5,152.880005,155.330002,154.50531,65573800
2/16/23,153.509995,156.330002,153.350006,153.710007,152.89389,68167900
2/17/23,152.350006,153,150.850006,152.550003,151.740051,59144100
2/21/23,150.199997,151.300003,148.410004,148.479996,147.691666,58867200
2/22/23,148.869995,149.949997,147.160004,148.910004,148.119385,51011300
2/23/23,150.089996,150.339996,147.240005,149.399994,148.606781,48394200
2/24/23,147.110001,147.190002,145.720001,146.710007,145.931061,55469600
2/27/23,147.710007,149.169998,147.449997,147.919998,147.134644,44998500
2/28/23,147.050003,149.080002,146.830002,147.410004,146.62735,50547000
3/1/23,146.830002,147.229996,145.009995,145.309998,144.538513,55479000
3/2/23,144.380005,146.710007,143.899994,145.910004,145.13533,52238100
3/3/23,148.039993,151.110001,147.330002,151.029999,150.228134,70732300
3/6/23,153.789993,156.300003,153.460007,153.830002,153.013275,87558000
3/7/23,153.699997,154.029999,151.130005,151.600006,150.795105,56182000
3/8/23,152.809998,153.470001,151.830002,152.869995,152.05835,47204800
3/9/23,153.559998,154.539993,150.229996,150.589996,149.790466,53833600
3/10/23,150.210007,150.940002,147.610001,148.5,147.711548,68572400
3/13/23,147.809998,153.139999,147.699997,150.470001,149.671097,84457100
3/14/23,151.279999,153.399994,150.100006,152.589996,151.779861,73695900
3/15/23,151.190002,153.25,149.919998,152.990005,152.177719,77167900
3/16/23,152.160004,156.460007,151.639999,155.850006,155.022537,76161100
3/17/23,156.080002,156.740005,154.279999,155,154.177048,98944600
3/20/23,155.070007,157.820007,154.149994,157.399994,156.564301,73641400
3/21/23,157.320007,159.399994,156.539993,159.279999,158.434326,73938300
3/22/23,159.300003,162.139999,157.809998,157.830002,156.99202,75701800
3/23/23,158.830002,161.550003,157.679993,158.929993,158.086166,67622100
3/24/23,158.860001,160.339996,157.850006,160.25,159.39917,59196500
3/27/23,159.940002,160.770004,157.869995,158.279999,157.439636,52390300
3/28/23,157.970001,158.490005,155.979996,157.649994,156.812958,45992200
3/29/23,159.369995,161.050003,159.350006,160.770004,159.916428,51305700
3/30/23,161.529999,162.470001,161.270004,162.360001,161.497971,49501700
3/31/23,162.440002,165,161.910004,164.899994,164.02449,68749800
4/3/23,164.270004,166.289993,164.220001,166.169998,165.28775,56976200
4/4/23,166.600006,166.839996,165.110001,165.630005,164.750626,46278300
4/5/23,164.740005,165.050003,161.800003,163.759995,162.890533,51511700
4/6/23,162.429993,164.960007,162,164.660004,163.785767,45390100
4/10/23,161.419998,162.029999,160.080002,162.029999,161.169724,47716900
4/11/23,162.350006,162.360001,160.509995,160.800003,159.946259,47644200
4/12/23,161.220001,162.059998,159.779999,160.100006,159.25,50133100
4/13/23,161.630005,165.800003,161.419998,165.559998,164.680984,68445600
4/14/23,164.589996,166.320007,163.820007,165.210007,164.332855,49386500
4/17/23,165.089996,165.389999,164.029999,165.229996,164.352737,41516200
4/18/23,166.100006,167.410004,165.649994,166.470001,165.586166,49923000
4/19/23,165.800003,168.160004,165.539993,167.630005,166.740005,47720200
4/20/23,166.089996,167.869995,165.559998,166.649994,165.765167,52456400
4/21/23,165.050003,166.449997,164.490005,165.020004,164.143875,58337300
4/24/23,165,165.600006,163.889999,165.330002,164.452209,41949600
4/25/23,165.190002,166.309998,163.729996,163.770004,162.900497,48714100
4/26/23,163.059998,165.279999,162.800003,163.759995,162.890533,45498800
4/27/23,165.190002,168.559998,165.190002,168.410004,167.515839,64902300
4/28/23,168.490005,169.850006,167.880005,169.679993,168.779099,55209200
5/1/23,169.279999,170.449997,168.639999,169.589996,168.68959,52472900
5/2/23,170.089996,170.350006,167.539993,168.539993,167.645172,48425700
5/3/23,169.5,170.919998,167.160004,167.449997,166.560959,65136000
5/4/23,164.889999,167.039993,164.309998,165.789993,164.909744,81235400
5/5/23,170.979996,174.300003,170.759995,173.570007,172.648468,113316400
5/8/23,172.479996,173.850006,172.110001,173.5,172.578812,55962800
5/9/23,173.050003,173.539993,171.600006,171.770004,170.858017,45326900
5/10/23,173.020004,174.029999,171.899994,173.559998,172.638504,53724500
5/11/23,173.850006,174.589996,172.169998,173.75,172.827499,49514700
5/12/23,173.619995,174.059998,171,172.570007,171.891205,45497800
5/15/23,173.160004,173.210007,171.470001,172.070007,171.393173,37266700
5/16/23,171.990005,173.139999,171.800003,172.070007,171.393173,42110300
5/17/23,171.710007,172.929993,170.419998,172.690002,172.010727,57951600
5/18/23,173,175.240005,172.580002,175.050003,174.361435,65496700
5/19/23,176.389999,176.389999,174.940002,175.160004,174.471024,55772400
5/22/23,173.979996,174.710007,173.449997,174.199997,173.514771,43570900
5/23/23,173.130005,173.380005,171.279999,171.559998,170.885162,50747300
5/24/23,171.089996,172.419998,170.520004,171.839996,171.164063,45143500
5/25/23,172.410004,173.899994,171.690002,172.990005,172.309555,56058300
5/26/23,173.320007,175.770004,173.110001,175.429993,174.739944,54835000
5/30/23,176.960007,178.990005,176.570007,177.300003,176.6026,55964400
5/31/23,177.330002,179.350006,176.759995,177.25,176.55278,99625300
6/1/23,177.699997,180.119995,176.929993,180.089996,179.381607,68901800
6/2/23,181.029999,181.779999,179.259995,180.949997,180.23822,61945900
6/5/23,182.630005,184.949997,178.039993,179.580002,178.873627,121946500
6/6/23,179.970001,180.119995,177.429993,179.210007,178.505081,64848400
6/7/23,178.440002,181.210007,177.320007,177.820007,177.12056,61944600
6/8/23,177.899994,180.839996,177.460007,180.570007,179.859741,50214900
6/9/23,181.5,182.229996,180.630005,180.960007,180.248184,48870700
6/12/23,181.270004,183.889999,180.970001,183.789993,183.067062,54274900
6/13/23,182.800003,184.149994,182.440002,183.309998,182.588943,54929100
6/14/23,183.369995,184.389999,182.020004,183.949997,183.22644,57462900
6/15/23,183.960007,186.520004,183.779999,186.009995,185.27832,65433200
6/16/23,186.729996,186.990005,184.270004,184.919998,184.192612,101235600
6/20/23,184.410004,186.100006,184.410004,185.009995,184.282257,49799100
6/21/23,184.899994,185.410004,182.589996,183.960007,183.236404,49515700
6/22/23,183.740005,187.050003,183.669998,187,186.264435,51245300
6/23/23,185.550003,187.559998,185.009995,186.679993,185.945694,53079300
6/26/23,186.830002,188.050003,185.229996,185.270004,184.541229,48088700
6/27/23,185.889999,188.389999,185.669998,188.059998,187.320251,50730800
6/28/23,187.929993,189.899994,187.600006,189.25,188.505585,51216800
6/29/23,189.080002,190.070007,188.940002,189.589996,188.844254,46347300
6/30/23,191.630005,194.479996,191.259995,193.970001,193.207031,85069600
7/3/23,193.779999,193.880005,191.759995,192.460007,191.702972,31458200
7/5/23,191.570007,192.979996,190.619995,191.330002,190.577393,46920300
7/6/23,189.839996,192.020004,189.199997,191.809998,191.055511,45094300
7/7/23,191.410004,192.669998,190.240005,190.679993,189.929947,46778000
7/10/23,189.259995,189.990005,187.039993,188.610001,187.868103,59922200
7/11/23,189.160004,189.300003,186.600006,188.080002,187.340195,46638100
7/12/23,189.679993,191.699997,188.470001,189.770004,189.023544,60750200
7/13/23,190.5,191.190002,189.779999,190.539993,189.790497,41342300
7/14/23,190.229996,191.179993,189.630005,190.690002,189.939926,41573900
7/17/23,191.899994,194.320007,191.809998,193.990005,193.226944,50520200
7/18/23,193.350006,194.330002,192.419998,193.729996,192.967972,48353800
7/19/23,193.100006,198.229996,192.649994,195.100006,194.332581,80507300
7/20/23,195.089996,196.470001,192.5,193.130005,192.370331,59581200
7/21/23,194.100006,194.970001,191.229996,191.940002,191.184998,71917800
7/24/23,193.410004,194.910004,192.25,192.75,191.991821,45377800
7/25/23,193.330002,194.440002,192.919998,193.619995,192.858383,37283200
7/26/23,193.669998,195.639999,193.320007,194.5,193.734924,47471900
7/27/23,196.020004,197.199997,192.550003,193.220001,192.459976,47460200
7/28/23,194.669998,196.630005,194.139999,195.830002,195.059708,48291400
7/31/23,196.059998,196.490005,195.259995,196.449997,195.677261,38824100
8/1/23,196.240005,196.729996,195.279999,195.610001,194.840576,35175100
8/2/23,195.039993,195.179993,191.850006,192.580002,191.822495,50389300
8/3/23,191.570007,192.369995,190.690002,191.169998,190.41803,61235200
8/4/23,185.520004,187.380005,181.919998,181.990005,181.274155,115799700
8/7/23,182.130005,183.130005,177.350006,178.850006,178.1465,97576100
8/8/23,179.690002,180.270004,177.580002,179.800003,179.092758,67823000
8/9/23,180.869995,180.929993,177.009995,178.190002,177.489105,60378500
8/10/23,179.479996,180.75,177.600006,177.970001,177.269958,54686900
8/11/23,177.320007,178.619995,176.550003,177.789993,177.329788,51988100
8/14/23,177.970001,179.690002,177.309998,179.460007,178.995499,43675600
8/15/23,178.880005,179.479996,177.050003,177.449997,176.990677,43622600
8/16/23,177.130005,178.539993,176.5,176.570007,176.112961,46964900
8/17/23,177.139999,177.509995,173.479996,174,173.549622,66062900
8/18/23,172.300003,175.100006,171.960007,174.490005,174.038361,61114200
8/21/23,175.070007,176.130005,173.740005,175.839996,175.384842,46311900
8/22/23,177.059998,177.679993,176.25,177.229996,176.771255,42084200
8/23/23,178.520004,181.550003,178.330002,181.119995,180.651184,52722800
8/24/23,180.669998,181.100006,176.009995,176.380005,175.923462,54945800
8/25/23,177.380005,179.149994,175.820007,178.610001,178.14769,51449600
8/28/23,180.089996,180.589996,178.550003,180.190002,179.723602,43820700
8/29/23,179.699997,184.899994,179.5,184.119995,183.643402,53003900
8/30/23,184.940002,187.850006,184.740005,187.649994,187.164276,60813900
8/31/23,187.839996,189.119995,187.479996,187.869995,187.383698,60794500
9/1/23,189.490005,189.919998,188.279999,189.460007,188.969589,45732600
9/5/23,188.279999,189.979996,187.610001,189.699997,189.208969,45280000
9/6/23,188.399994,188.850006,181.470001,182.910004,182.436539,81755800
9/7/23,175.179993,178.210007,173.539993,177.559998,177.100388,112488800
9/8/23,178.350006,180.240005,177.789993,178.179993,177.718781,65551300
9/11/23,180.070007,180.300003,177.339996,179.360001,178.895737,58953100
9/12/23,179.490005,180.130005,174.820007,176.300003,175.843674,90370200
9/13/23,176.509995,177.300003,173.979996,174.210007,173.759079,84267900
9/14/23,174,176.100006,173.580002,175.740005,175.28511,60895800
9/15/23,176.479996,176.5,173.820007,175.009995,174.556992,109205100
9/18/23,176.479996,179.380005,176.169998,177.970001,177.509338,67257600
9/19/23,177.520004,179.630005,177.130005,179.070007,178.606491,51826900
9/20/23,179.259995,179.699997,175.399994,175.490005,175.035751,58436200
9/21/23,174.550003,176.300003,173.860001,173.929993,173.479782,63047900
9/22/23,174.669998,177.080002,174.050003,174.789993,174.33757,56725400
9/25/23,174.199997,176.970001,174.149994,176.080002,175.624237,46172700
9/26/23,174.820007,175.199997,171.660004,171.960007,171.514893,64588900
9/27/23,172.619995,173.039993,169.050003,170.429993,169.988846,66921800
9/28/23,169.339996,172.029999,167.619995,170.690002,170.248184,56294400
9/29/23,172.020004,173.070007,170.339996,171.210007,170.766846,51814200
10/2/23,171.220001,174.300003,170.929993,173.75,173.300247,52164500
10/3/23,172.259995,173.630005,170.820007,172.399994,171.953735,49594600
10/4/23,171.089996,174.210007,170.970001,173.660004,173.210495,53020300
10/5/23,173.789993,175.449997,172.679993,174.910004,174.45726,48527900
10/6/23,173.800003,177.990005,173.179993,177.490005,177.030579,57224100
10/9/23,176.809998,179.050003,175.800003,178.990005,178.526703,42390800
10/10/23,178.100006,179.720001,177.949997,178.389999,177.928253,43698000
10/11/23,178.199997,179.850006,177.600006,179.800003,179.334595,47551100
10/12/23,180.070007,182.339996,179.039993,180.710007,180.242249,56743100
10/13/23,181.419998,181.929993,178.139999,178.850006,178.38707,51427100
10/16/23,176.75,179.080002,176.509995,178.720001,178.257385,52517000
10/17/23,176.649994,178.419998,174.800003,177.149994,176.691452,57549400
10/18/23,175.580002,177.580002,175.110001,175.839996,175.384842,54764400
10/19/23,176.039993,177.839996,175.190002,175.460007,175.005844,59302900
10/20/23,175.309998,175.419998,172.639999,172.880005,172.43251,64189300
10/23/23,170.910004,174.009995,169.929993,173,172.5522,55980100
10/24/23,173.050003,173.669998,171.449997,173.440002,172.991058,43816600
10/25/23,171.880005,173.059998,170.649994,171.100006,170.65712,57157000
10/26/23,170.369995,171.380005,165.669998,166.889999,166.458008,70625300
10/27/23,166.910004,168.960007,166.830002,168.220001,167.784561,58499100
10/30/23,169.020004,171.169998,168.869995,170.289993,169.849197,51131000
10/31/23,169.350006,170.899994,167.899994,170.770004,170.327972,44846000
11/1/23,171,174.229996,170.119995,173.970001,173.519684,56934900
11/2/23,175.520004,177.779999,175.460007,177.570007,177.110367,77334800
11/3/23,174.240005,176.820007,173.350006,176.649994,176.192734,79763700
11/6/23,176.380005,179.429993,176.210007,179.229996,178.766068,63841300
11/7/23,179.179993,182.440002,178.970001,181.820007,181.349365,70530000
11/8/23,182.350006,183.449997,181.589996,182.889999,182.416595,49340300
11/9/23,182.960007,184.119995,181.809998,182.410004,181.937836,53763500
11/10/23,183.970001,186.570007,183.529999,186.399994,186.162445,66133400
11/13/23,185.820007,186.029999,184.210007,184.800003,184.564499,43627500
11/14/23,187.699997,188.110001,186.300003,187.440002,187.201126,60108400
11/15/23,187.850006,189.5,187.779999,188.009995,187.770386,53790500
11/16/23,189.570007,190.960007,188.649994,189.710007,189.468246,54412900
11/17/23,190.25,190.380005,188.570007,189.690002,189.448257,50922700
11/20/23,189.889999,191.910004,189.880005,191.449997,191.206009,46505100
11/21/23,191.410004,191.520004,189.740005,190.639999,190.397049,38134500
11/22/23,191.490005,192.929993,190.830002,191.309998,191.066193,39617700
11/24/23,190.869995,190.899994,189.25,189.970001,189.727905,24048300
11/27/23,189.919998,190.669998,188.899994,189.789993,189.548126,40552600
11/28/23,189.779999,191.080002,189.399994,190.399994,190.157349,38415400
11/29/23,190.899994,192.089996,188.970001,189.369995,189.128662,43014200
11/30/23,189.839996,190.320007,188.190002,189.949997,189.707916,48794400
12/1/23,190.330002,191.559998,189.229996,191.240005,190.996292,45679300
12/4/23,189.979996,190.050003,187.449997,189.429993,189.188583,43389500
12/5/23,190.210007,194.399994,190.179993,193.419998,193.173508,66628400
12/6/23,194.449997,194.759995,192.110001,192.320007,192.074921,41089700
12/7/23,193.630005,195,193.589996,194.270004,194.02243,47477700
12/8/23,194.199997,195.990005,193.669998,195.710007,195.460587,53377300
12/11/23,193.110001,193.490005,191.419998,193.179993,192.933807,60943700
12/12/23,193.080002,194.720001,191.720001,194.710007,194.461868,52696900
12/13/23,195.089996,198,194.850006,197.960007,197.707718,70404200
12/14/23,198.020004,199.619995,196.160004,198.110001,197.857529,66831600
12/15/23,197.529999,198.399994,197,197.570007,197.318222,128256700
12/18/23,196.089996,196.630005,194.389999,195.889999,195.64035,55751900
12/19/23,196.160004,196.949997,195.889999,196.940002,196.689026,40714100
12/20/23,196.899994,197.679993,194.830002,194.830002,194.581711,52242800
12/21/23,196.100006,197.080002,193.5,194.679993,194.431885,46482500
12/22/23,195.179993,195.410004,192.970001,193.600006,193.353287,37122800
12/26/23,193.610001,193.889999,192.830002,193.050003,192.803986,28919300
12/27/23,192.490005,193.5,191.089996,193.149994,192.903839,48087700
12/28/23,194.139999,194.660004,193.169998,193.580002,193.333298,34049900
12/29/23,193.899994,194.399994,191.729996,192.529999,192.284637,42628800
1/2/24,187.149994,188.440002,183.889999,185.639999,185.403412,82488700
1/3/24,184.220001,185.880005,183.429993,184.25,184.015198,58414500
1/4/24,182.149994,183.089996,180.880005,181.910004,181.678177,71983600
1/5/24,181.990005,182.759995,180.169998,181.179993,180.949097,62303300
1/8/24,182.089996,185.600006,181.5,185.559998,185.323517,59144500
1/9/24,183.919998,185.149994,182.729996,185.139999,184.904053,42841800
1/10/24,184.350006,186.399994,183.919998,186.190002,185.952713,46792900
1/11/24,186.539993,187.050003,183.619995,185.589996,185.353485,49128400
1/12/24,186.059998,186.740005,185.190002,185.919998,185.68306,40444700
1/16/24,182.160004,184.259995,180.929993,183.630005,183.395981,65603000
1/17/24,181.270004,182.929993,180.300003,182.679993,182.447189,47317400
1/18/24,186.089996,189.139999,185.830002,188.630005,188.389618,78005800
1/19/24,189.330002,191.949997,188.820007,191.559998,191.315872,68741000
1/22/24,192.300003,195.330002,192.259995,193.889999,193.642899,60133900
1/23/24,195.020004,195.75,193.830002,195.179993,194.931259,42355600
1/24/24,195.419998,196.380005,194.339996,194.5,194.252121,53631300
1/25/24,195.220001,196.270004,193.110001,194.169998,193.922546,54822100
1/26/24,194.270004,194.759995,191.940002,192.419998,192.174774,44594000
1/29/24,192.009995,192.199997,189.580002,191.729996,191.485657,47145600
1/30/24,190.940002,191.800003,187.470001,188.039993,187.800354,55859400
1/31/24,187.039993,187.100006,184.350006,184.399994,184.164993,55467800
2/1/24,183.990005,186.949997,183.820007,186.860001,186.621872,64885400
2/2/24,179.860001,187.330002,179.25,185.850006,185.613159,102518000
2/5/24,188.149994,189.25,185.839996,187.679993,187.440811,69668800
2/6/24,186.860001,189.309998,186.770004,189.300003,189.058762,43490800
2/7/24,190.639999,191.050003,188.610001,189.410004,189.168625,53439000
2/8/24,189.389999,189.539993,187.350006,188.320007,188.080017,40962000
2/9/24,188.649994,189.990005,188,188.850006,188.850006,45155200
2/12/24,188.419998,188.669998,186.789993,187.149994,187.149994,41781900
2/13/24,185.770004,186.210007,183.509995,185.039993,185.039993,56529500
2/14/24,185.320007,185.529999,182.440002,184.149994,184.149994,54630500
2/15/24,183.550003,184.490005,181.350006,183.860001,183.860001,65434500
2/16/24,183.419998,184.850006,181.669998,182.309998,182.309998,49701400